{"stats":{"minecraft:picked_up":{"minecraft:crafting_table":4,"minecraft:feather":10,"minecraft:chicken":1,"minecraft:jungle_log":4,"minecraft:birch_slab":8,"minecraft:andesite":2,"minecraft:leather":12,"minecraft:wooden_pickaxe":1,"minecraft:filled_map":1,"minecraft:birch_planks":2,"minecraft:string":4,"minecraft:dirt":4,"minecraft:wooden_sword":1,"minecraft:cooked_mutton":1,"minecraft:bone":2,"minecraft:spruce_planks":38,"minecraft:beef":11,"minecraft:iron_pickaxe":1,"minecraft:spruce_slab":6,"minecraft:light_gray_wool":2,"minecraft:furnace":1,"minecraft:stick":1,"minecraft:raw_iron":3,"minecraft:sandstone":93,"minecraft:stone":46,"minecraft:sand":151,"minecraft:spruce_sapling":2,"minecraft:diorite":1,"minecraft:white_bed":4,"minecraft:spruce_log":21,"minecraft:arrow":2,"minecraft:rotten_flesh":4,"minecraft:spruce_boat":1,"minecraft:granite":98,"minecraft:gray_wool":2,"minecraft:mutton":15,"minecraft:white_wool":6,"minecraft:cobblestone":60},"minecraft:killed":{"minecraft:spider":1,"minecraft:sheep":6,"minecraft:skeleton":1,"minecraft:zombie":1,"minecraft:chicken":1,"minecraft:cow":8},"minecraft:broken":{"minecraft:stone_pickaxe":1,"minecraft:wooden_sword":1},"minecraft:custom":{"minecraft:interact_with_furnace":11,"minecraft:mob_kills":18,"minecraft:interact_with_crafting_table":11,"minecraft:time_since_death":6970,"minecraft:sleep_in_bed":3,"minecraft:time_since_rest":7008,"minecraft:sprint_one_cm":68815,"minecraft:damage_taken":545,"minecraft:walk_one_cm":109617,"minecraft:drop":2,"minecraft:damage_dealt":1897,"minecraft:swim_one_cm":28866,"minecraft:fly_one_cm":123613,"minecraft:open_chest":2,"minecraft:crouch_one_cm":5135,"minecraft:play_time":82832,"minecraft:deaths":1,"minecraft:sneak_time":2406,"minecraft:walk_under_water_one_cm":37402,"minecraft:jump":682,"minecraft:walk_on_water_one_cm":77176,"minecraft:total_world_time":82832,"minecraft:fall_one_cm":13017},"minecraft:crafted":{"minecraft:cooked_beef":2,"minecraft:wooden_sword":1,"minecraft:crafting_table":2,"minecraft:spruce_planks":64,"minecraft:wooden_pickaxe":1,"minecraft:cooked_chicken":1,"minecraft:furnace":2,"minecraft:cooked_mutton":7,"minecraft:air":0,"minecraft:charcoal":4,"minecraft:stick":8,"minecraft:iron_ingot":3,"minecraft:iron_pickaxe":1,"minecraft:stone_pickaxe":1,"minecraft:white_bed":1,"minecraft:spruce_boat":1},"minecraft:used":{"minecraft:cooked_mutton":4,"minecraft:diorite":1,"minecraft:stone_pickaxe":131,"minecraft:spruce_planks":2,"minecraft:wooden_pickaxe":3,"minecraft:sandstone":29,"minecraft:cooked_chicken":1,"minecraft:white_wool":1,"minecraft:dirt":4,"minecraft:sand":5,"minecraft:crafting_table":6,"minecraft:white_bed":2,"minecraft:iron_pickaxe":43,"minecraft:wooden_sword":64,"minecraft:furnace":3,"minecraft:andesite":2,"minecraft:cooked_beef":2},"minecraft:mined":{"minecraft:spruce_planks":1,"minecraft:white_bed":2,"minecraft:crafting_table":4,"minecraft:granite":50,"minecraft:grass_block":4,"minecraft:jungle_log":4,"minecraft:tall_grass":1,"minecraft:birch_slab":4,"minecraft:spruce_leaves":20,"minecraft:diorite":1,"minecraft:sandstone":63,"minecraft:birch_planks":2,"minecraft:furnace":1,"minecraft:iron_ore":3,"minecraft:spruce_log":22,"minecraft:andesite":2,"minecraft:grass":4,"minecraft:sand":51,"minecraft:stone":48,"minecraft:white_wool":1,"minecraft:spruce_slab":3},"minecraft:killed_by":{"minecraft:drowned":1},"minecraft:dropped":{"minecraft:white_bed":1,"minecraft:wooden_sword":1}},"DataVersion":3465}