{"stats":{"minecraft:killed":{"minecraft:spider":1,"minecraft:cod":1,"minecraft:skeleton":3,"minecraft:chicken":5,"minecraft:pig":8,"minecraft:zombie_villager":2,"minecraft:salmon":2,"minecraft:sheep":18,"minecraft:pillager":9,"minecraft:zombie":5,"minecraft:cow":24},"minecraft:killed_by":{"minecraft:creeper":1,"minecraft:drowned":1},"minecraft:dropped":{"minecraft:birch_planks":1,"minecraft:wheat_seeds":4,"minecraft:feather":5,"minecraft:granite":49,"minecraft:birch_slab":4,"minecraft:cod":1,"minecraft:dirt":16,"minecraft:dark_oak_log":1,"minecraft:wooden_sword":1,"minecraft:string":6,"minecraft:rotten_flesh":3,"minecraft:light_gray_wool":1,"minecraft:white_bed":1,"minecraft:filled_map":1,"minecraft:spruce_slab":3},"minecraft:mined":{"minecraft:spruce_planks":1,"minecraft:white_bed":2,"minecraft:dark_oak_log":1,"minecraft:granite":50,"minecraft:grass_block":4,"minecraft:jungle_log":4,"minecraft:birch_slab":4,"minecraft:spruce_leaves":24,"minecraft:sandstone":63,"minecraft:furnace":3,"minecraft:iron_ore":3,"minecraft:andesite":2,"minecraft:stone":52,"minecraft:white_wool":1,"minecraft:spruce_slab":3,"minecraft:crafting_table":8,"minecraft:tall_grass":1,"minecraft:cobblestone":4,"minecraft:diorite":1,"minecraft:birch_planks":2,"minecraft:spruce_log":24,"minecraft:grass":10,"minecraft:coal_ore":84,"minecraft:sand":52},"minecraft:crafted":{"minecraft:wooden_sword":1,"minecraft:cooked_chicken":1,"minecraft:furnace":2,"minecraft:cooked_mutton":9,"minecraft:iron_boots":1,"minecraft:stone_pickaxe":1,"minecraft:chest":1,"minecraft:spruce_boat":1,"minecraft:cooked_beef":2,"minecraft:cooked_porkchop":15,"minecraft:crafting_table":3,"minecraft:spruce_planks":140,"minecraft:wooden_pickaxe":1,"minecraft:iron_helmet":1,"minecraft:iron_sword":1,"minecraft:air":0,"minecraft:iron_chestplate":1,"minecraft:charcoal":4,"minecraft:shield":1,"minecraft:stick":12,"minecraft:iron_ingot":6,"minecraft:iron_pickaxe":1,"minecraft:stone_sword":1,"minecraft:white_bed":1},"minecraft:used":{"minecraft:stone_sword":98,"minecraft:spruce_planks":2,"minecraft:chest":1,"minecraft:shield":26,"minecraft:iron_sword":74,"minecraft:cooked_chicken":1,"minecraft:rotten_flesh":2,"minecraft:iron_chestplate":1,"minecraft:dirt":4,"minecraft:mutton":4,"minecraft:spruce_boat":1,"minecraft:iron_helmet":1,"minecraft:golden_sword":13,"minecraft:beef":6,"minecraft:furnace":4,"minecraft:cooked_beef":2,"minecraft:golden_boots":1,"minecraft:cooked_mutton":9,"minecraft:diorite":1,"minecraft:leather_leggings":1,"minecraft:stone_pickaxe":131,"minecraft:wooden_pickaxe":5,"minecraft:sandstone":39,"minecraft:white_wool":1,"minecraft:salmon":1,"minecraft:sand":9,"minecraft:crafting_table":9,"minecraft:white_bed":3,"minecraft:chicken":1,"minecraft:bread":15,"minecraft:iron_pickaxe":137,"minecraft:map":1,"minecraft:spruce_sapling":1,"minecraft:wooden_sword":64,"minecraft:cobblestone":4,"minecraft:cooked_porkchop":6,"minecraft:white_banner":1,"minecraft:porkchop":2,"minecraft:andesite":2,"minecraft:experience_bottle":1},"minecraft:custom":{"minecraft:mob_kills":78,"minecraft:interact_with_crafting_table":21,"minecraft:leave_game":1,"minecraft:time_since_death":47174,"minecraft:sprint_one_cm":344150,"minecraft:walk_one_cm":606907,"minecraft:damage_blocked_by_shield":1500,"minecraft:drop":23,"minecraft:play_time":199846,"minecraft:deaths":2,"minecraft:sneak_time":5377,"minecraft:walk_under_water_one_cm":52478,"minecraft:boat_one_cm":32387,"minecraft:jump":2394,"minecraft:walk_on_water_one_cm":114578,"minecraft:total_world_time":199846,"minecraft:interact_with_furnace":16,"minecraft:sleep_in_bed":6,"minecraft:time_since_rest":33611,"minecraft:damage_taken":2350,"minecraft:damage_dealt":9424,"minecraft:swim_one_cm":105320,"minecraft:fly_one_cm":540604,"minecraft:open_chest":41,"minecraft:crouch_one_cm":15974,"minecraft:fall_one_cm":44591},"minecraft:broken":{"minecraft:golden_boots":1,"minecraft:stone_pickaxe":1,"minecraft:wooden_sword":1},"minecraft:picked_up":{"minecraft:crafting_table":8,"minecraft:iron_chestplate":1,"minecraft:chicken":5,"minecraft:wooden_pickaxe":1,"minecraft:golden_shovel":1,"minecraft:golden_sword":1,"minecraft:shield":1,"minecraft:string":8,"minecraft:wooden_sword":1,"minecraft:spruce_planks":46,"minecraft:beef":41,"minecraft:light_gray_wool":3,"minecraft:iron_pickaxe":2,"minecraft:spruce_slab":6,"minecraft:furnace":3,"minecraft:raw_iron":3,"minecraft:stick":1,"minecraft:sandstone":93,"minecraft:stone":46,"minecraft:porkchop":17,"minecraft:diorite":1,"minecraft:stone_sword":1,"minecraft:arrow":3,"minecraft:rotten_flesh":9,"minecraft:mutton":31,"minecraft:cod":1,"minecraft:white_wool":17,"minecraft:cobblestone":68,"minecraft:feather":20,"minecraft:jungle_log":4,"minecraft:salmon":2,"minecraft:birch_slab":8,"minecraft:andesite":2,"minecraft:leather":25,"minecraft:birch_planks":2,"minecraft:filled_map":1,"minecraft:golden_boots":1,"minecraft:dirt":36,"minecraft:white_banner":2,"minecraft:cooked_mutton":1,"minecraft:bone":5,"minecraft:wheat_seeds":4,"minecraft:sand":152,"minecraft:spruce_sapling":3,"minecraft:white_bed":5,"minecraft:spruce_log":23,"minecraft:dark_oak_log":1,"minecraft:spruce_boat":1,"minecraft:crossbow":1,"minecraft:granite":98,"minecraft:bone_meal":1,"minecraft:gray_wool":2,"minecraft:bread":22,"minecraft:coal":101}},"DataVersion":3465}