{"stats":{"minecraft:killed":{"minecraft:pig":6,"minecraft:zombie_villager":1,"minecraft:salmon":2,"minecraft:spider":1,"minecraft:cod":1,"minecraft:skeleton":2,"minecraft:sheep":10,"minecraft:pillager":4,"minecraft:zombie":4,"minecraft:chicken":5,"minecraft:cow":18},"minecraft:killed_by":{"minecraft:creeper":1,"minecraft:drowned":1},"minecraft:dropped":{"minecraft:birch_planks":1,"minecraft:feather":1,"minecraft:rotten_flesh":3,"minecraft:light_gray_wool":1,"minecraft:granite":49,"minecraft:white_bed":1,"minecraft:birch_slab":4,"minecraft:cod":1,"minecraft:filled_map":1,"minecraft:dark_oak_log":1,"minecraft:wooden_sword":1,"minecraft:spruce_slab":3},"minecraft:mined":{"minecraft:white_bed":2,"minecraft:spruce_planks":1,"minecraft:dark_oak_log":1,"minecraft:crafting_table":7,"minecraft:granite":50,"minecraft:grass_block":4,"minecraft:jungle_log":4,"minecraft:tall_grass":1,"minecraft:cobblestone":4,"minecraft:birch_slab":4,"minecraft:spruce_leaves":24,"minecraft:diorite":1,"minecraft:sandstone":63,"minecraft:birch_planks":2,"minecraft:furnace":2,"minecraft:iron_ore":3,"minecraft:spruce_log":24,"minecraft:andesite":2,"minecraft:grass":8,"minecraft:coal_ore":84,"minecraft:sand":52,"minecraft:stone":52,"minecraft:white_wool":1,"minecraft:spruce_slab":3},"minecraft:crafted":{"minecraft:cooked_beef":2,"minecraft:wooden_sword":1,"minecraft:crafting_table":3,"minecraft:spruce_planks":140,"minecraft:iron_sword":1,"minecraft:wooden_pickaxe":1,"minecraft:cooked_chicken":1,"minecraft:furnace":2,"minecraft:air":0,"minecraft:cooked_mutton":9,"minecraft:iron_chestplate":1,"minecraft:charcoal":4,"minecraft:shield":1,"minecraft:stick":12,"minecraft:iron_ingot":3,"minecraft:iron_pickaxe":1,"minecraft:stone_pickaxe":1,"minecraft:stone_sword":1,"minecraft:chest":1,"minecraft:white_bed":1,"minecraft:spruce_boat":1},"minecraft:used":{"minecraft:leather_leggings":1,"minecraft:cooked_mutton":9,"minecraft:diorite":1,"minecraft:stone_sword":91,"minecraft:stone_pickaxe":131,"minecraft:shield":13,"minecraft:chest":1,"minecraft:spruce_planks":2,"minecraft:wooden_pickaxe":5,"minecraft:iron_sword":7,"minecraft:sandstone":39,"minecraft:salmon":1,"minecraft:cooked_chicken":1,"minecraft:iron_chestplate":1,"minecraft:white_wool":1,"minecraft:dirt":4,"minecraft:sand":9,"minecraft:crafting_table":9,"minecraft:white_bed":3,"minecraft:spruce_boat":1,"minecraft:chicken":1,"minecraft:bread":5,"minecraft:iron_pickaxe":136,"minecraft:map":1,"minecraft:spruce_sapling":1,"minecraft:golden_sword":8,"minecraft:wooden_sword":64,"minecraft:cobblestone":4,"minecraft:beef":6,"minecraft:furnace":4,"minecraft:porkchop":2,"minecraft:andesite":2,"minecraft:cooked_beef":2},"minecraft:custom":{"minecraft:interact_with_furnace":14,"minecraft:mob_kills":54,"minecraft:interact_with_crafting_table":18,"minecraft:leave_game":1,"minecraft:time_since_death":17174,"minecraft:sleep_in_bed":6,"minecraft:time_since_rest":3611,"minecraft:sprint_one_cm":222515,"minecraft:damage_taken":1498,"minecraft:walk_one_cm":512664,"minecraft:damage_blocked_by_shield":780,"minecraft:drop":15,"minecraft:damage_dealt":6023,"minecraft:swim_one_cm":69028,"minecraft:fly_one_cm":385331,"minecraft:open_chest":27,"minecraft:crouch_one_cm":15936,"minecraft:play_time":169846,"minecraft:sneak_time":5319,"minecraft:deaths":2,"minecraft:walk_under_water_one_cm":50600,"minecraft:boat_one_cm":32387,"minecraft:jump":1761,"minecraft:walk_on_water_one_cm":102772,"minecraft:total_world_time":169846,"minecraft:fall_one_cm":26124},"minecraft:picked_up":{"minecraft:crafting_table":7,"minecraft:feather":16,"minecraft:chicken":5,"minecraft:andesite":2,"minecraft:birch_slab":8,"minecraft:salmon":2,"minecraft:jungle_log":4,"minecraft:leather":21,"minecraft:wooden_pickaxe":1,"minecraft:filled_map":1,"minecraft:birch_planks":2,"minecraft:dirt":4,"minecraft:string":4,"minecraft:white_banner":1,"minecraft:wooden_sword":1,"minecraft:cooked_mutton":1,"minecraft:bone":5,"minecraft:spruce_planks":46,"minecraft:beef":30,"minecraft:spruce_slab":6,"minecraft:iron_pickaxe":1,"minecraft:light_gray_wool":3,"minecraft:furnace":2,"minecraft:stick":1,"minecraft:raw_iron":3,"minecraft:sandstone":93,"minecraft:stone":46,"minecraft:porkchop":12,"minecraft:sand":152,"minecraft:spruce_sapling":3,"minecraft:diorite":1,"minecraft:white_bed":4,"minecraft:spruce_log":23,"minecraft:dark_oak_log":1,"minecraft:arrow":3,"minecraft:rotten_flesh":7,"minecraft:spruce_boat":1,"minecraft:granite":98,"minecraft:bone_meal":1,"minecraft:gray_wool":2,"minecraft:mutton":19,"minecraft:cod":1,"minecraft:coal":84,"minecraft:white_wool":9,"minecraft:cobblestone":68},"minecraft:broken":{"minecraft:stone_pickaxe":1,"minecraft:wooden_sword":1}},"DataVersion":3465}