{"stats":{"minecraft:killed":{"minecraft:pig":5,"minecraft:zombie_villager":1,"minecraft:salmon":1,"minecraft:spider":1,"minecraft:cod":1,"minecraft:skeleton":2,"minecraft:sheep":10,"minecraft:zombie":4,"minecraft:chicken":3,"minecraft:cow":14},"minecraft:killed_by":{"minecraft:drowned":1},"minecraft:dropped":{"minecraft:birch_planks":1,"minecraft:rotten_flesh":3,"minecraft:light_gray_wool":1,"minecraft:granite":49,"minecraft:white_bed":1,"minecraft:birch_slab":4,"minecraft:cod":1,"minecraft:filled_map":1,"minecraft:dark_oak_log":1,"minecraft:wooden_sword":1,"minecraft:spruce_slab":3},"minecraft:mined":{"minecraft:white_bed":2,"minecraft:spruce_planks":1,"minecraft:dark_oak_log":1,"minecraft:crafting_table":6,"minecraft:granite":50,"minecraft:grass_block":4,"minecraft:jungle_log":4,"minecraft:tall_grass":1,"minecraft:cobblestone":4,"minecraft:birch_slab":4,"minecraft:spruce_leaves":22,"minecraft:diorite":1,"minecraft:sandstone":63,"minecraft:birch_planks":2,"minecraft:furnace":2,"minecraft:iron_ore":3,"minecraft:spruce_log":22,"minecraft:andesite":2,"minecraft:grass":7,"minecraft:coal_ore":84,"minecraft:sand":51,"minecraft:stone":52,"minecraft:white_wool":1,"minecraft:spruce_slab":3},"minecraft:crafted":{"minecraft:cooked_beef":2,"minecraft:wooden_sword":1,"minecraft:crafting_table":2,"minecraft:spruce_planks":64,"minecraft:wooden_pickaxe":1,"minecraft:cooked_chicken":1,"minecraft:furnace":2,"minecraft:air":0,"minecraft:cooked_mutton":9,"minecraft:charcoal":4,"minecraft:stick":8,"minecraft:iron_ingot":3,"minecraft:iron_pickaxe":1,"minecraft:stone_pickaxe":1,"minecraft:stone_sword":1,"minecraft:white_bed":1,"minecraft:spruce_boat":1},"minecraft:used":{"minecraft:cooked_mutton":9,"minecraft:diorite":1,"minecraft:stone_sword":66,"minecraft:stone_pickaxe":131,"minecraft:spruce_planks":2,"minecraft:wooden_pickaxe":5,"minecraft:sandstone":39,"minecraft:cooked_chicken":1,"minecraft:white_wool":1,"minecraft:dirt":4,"minecraft:sand":8,"minecraft:crafting_table":7,"minecraft:white_bed":2,"minecraft:spruce_boat":1,"minecraft:bread":2,"minecraft:iron_pickaxe":136,"minecraft:map":1,"minecraft:spruce_sapling":1,"minecraft:wooden_sword":64,"minecraft:cobblestone":4,"minecraft:furnace":3,"minecraft:andesite":2,"minecraft:cooked_beef":2},"minecraft:custom":{"minecraft:interact_with_furnace":12,"minecraft:mob_kills":42,"minecraft:interact_with_crafting_table":12,"minecraft:leave_game":1,"minecraft:time_since_death":69984,"minecraft:sleep_in_bed":4,"minecraft:time_since_rest":23670,"minecraft:sprint_one_cm":133770,"minecraft:damage_taken":995,"minecraft:walk_one_cm":388163,"minecraft:drop":14,"minecraft:damage_dealt":4454,"minecraft:swim_one_cm":49108,"minecraft:fly_one_cm":230255,"minecraft:open_chest":18,"minecraft:crouch_one_cm":15882,"minecraft:play_time":145846,"minecraft:sneak_time":5271,"minecraft:deaths":1,"minecraft:walk_under_water_one_cm":41715,"minecraft:boat_one_cm":32387,"minecraft:jump":1146,"minecraft:walk_on_water_one_cm":91030,"minecraft:total_world_time":145846,"minecraft:fall_one_cm":15796},"minecraft:picked_up":{"minecraft:crafting_table":6,"minecraft:feather":13,"minecraft:chicken":3,"minecraft:andesite":2,"minecraft:birch_slab":8,"minecraft:salmon":1,"minecraft:jungle_log":4,"minecraft:leather":16,"minecraft:wooden_pickaxe":1,"minecraft:filled_map":1,"minecraft:birch_planks":2,"minecraft:dirt":4,"minecraft:string":4,"minecraft:wooden_sword":1,"minecraft:cooked_mutton":1,"minecraft:bone":5,"minecraft:spruce_planks":46,"minecraft:beef":21,"minecraft:spruce_slab":6,"minecraft:iron_pickaxe":1,"minecraft:light_gray_wool":3,"minecraft:furnace":2,"minecraft:stick":1,"minecraft:raw_iron":3,"minecraft:sandstone":93,"minecraft:stone":46,"minecraft:porkchop":10,"minecraft:sand":151,"minecraft:spruce_sapling":3,"minecraft:diorite":1,"minecraft:white_bed":4,"minecraft:spruce_log":21,"minecraft:dark_oak_log":1,"minecraft:arrow":3,"minecraft:rotten_flesh":7,"minecraft:spruce_boat":1,"minecraft:granite":98,"minecraft:gray_wool":2,"minecraft:mutton":19,"minecraft:cod":1,"minecraft:coal":84,"minecraft:white_wool":9,"minecraft:cobblestone":68},"minecraft:broken":{"minecraft:stone_pickaxe":1,"minecraft:wooden_sword":1}},"DataVersion":3465}