{"stats":{"minecraft:used":{"minecraft:stone_sword":108,"minecraft:chest":3,"minecraft:spruce_planks":35,"minecraft:shield":44,"minecraft:iron_sword":174,"minecraft:cooked_chicken":1,"minecraft:rotten_flesh":2,"minecraft:netherrack":11,"minecraft:iron_chestplate":5,"minecraft:torch":7,"minecraft:dirt":5,"minecraft:mutton":4,"minecraft:nether_bricks":3,"minecraft:spruce_boat":1,"minecraft:iron_helmet":5,"minecraft:iron_boots":1,"minecraft:golden_sword":19,"minecraft:beef":6,"minecraft:furnace":5,"minecraft:egg":1,"minecraft:cooked_beef":12,"minecraft:cobbled_deepslate":35,"minecraft:iron_leggings":4,"minecraft:golden_boots":2,"minecraft:cooked_mutton":9,"minecraft:diorite":1,"minecraft:leather_leggings":1,"minecraft:stone_pickaxe":131,"minecraft:wooden_pickaxe":16,"minecraft:sandstone":39,"minecraft:polished_blackstone_bricks":7,"minecraft:white_wool":1,"minecraft:salmon":1,"minecraft:sand":9,"minecraft:crafting_table":12,"minecraft:crossbow":3,"minecraft:white_bed":4,"minecraft:cracked_polished_blackstone_bricks":4,"minecraft:chicken":1,"minecraft:bread":23,"minecraft:iron_pickaxe":177,"minecraft:map":1,"minecraft:spruce_sapling":1,"minecraft:gravel":2,"minecraft:nether_wart_block":2,"minecraft:wooden_sword":64,"minecraft:cobblestone":15,"minecraft:cooked_porkchop":18,"minecraft:white_banner":1,"minecraft:porkchop":2,"minecraft:andesite":2,"minecraft:pumpkin_pie":1,"minecraft:experience_bottle":1},"minecraft:crafted":{"minecraft:wooden_sword":1,"minecraft:cooked_chicken":1,"minecraft:furnace":2,"minecraft:cooked_mutton":9,"minecraft:iron_boots":1,"minecraft:stone_pickaxe":1,"minecraft:chest":3,"minecraft:spruce_boat":1,"minecraft:golden_boots":1,"minecraft:cooked_beef":2,"minecraft:cooked_porkchop":15,"minecraft:crafting_table":5,"minecraft:spruce_planks":184,"minecraft:wooden_pickaxe":2,"minecraft:iron_helmet":1,"minecraft:iron_sword":2,"minecraft:air":0,"minecraft:iron_chestplate":1,"minecraft:charcoal":4,"minecraft:shield":1,"minecraft:stick":24,"minecraft:iron_ingot":12,"minecraft:iron_pickaxe":1,"minecraft:stone_sword":1,"minecraft:gold_ingot":2,"minecraft:iron_leggings":1,"minecraft:white_bed":1,"minecraft:torch":48},"minecraft:custom":{"minecraft:mob_kills":105,"minecraft:interact_with_crafting_table":29,"minecraft:leave_game":3,"minecraft:time_since_death":8116,"minecraft:climb_one_cm":335,"minecraft:sprint_one_cm":644090,"minecraft:walk_one_cm":1081262,"minecraft:damage_blocked_by_shield":2715,"minecraft:drop":49,"minecraft:play_time":356565,"minecraft:deaths":7,"minecraft:sneak_time":19486,"minecraft:walk_under_water_one_cm":54937,"minecraft:boat_one_cm":32387,"minecraft:jump":4166,"minecraft:walk_on_water_one_cm":145432,"minecraft:total_world_time":356565,"minecraft:interact_with_furnace":18,"minecraft:sleep_in_bed":7,"minecraft:time_since_rest":8153,"minecraft:damage_taken":5872,"minecraft:damage_dealt":14559,"minecraft:player_kills":1,"minecraft:swim_one_cm":146487,"minecraft:fly_one_cm":800159,"minecraft:open_chest":86,"minecraft:crouch_one_cm":73466,"minecraft:fall_one_cm":83261},"minecraft:mined":{"minecraft:tuff":3,"minecraft:spruce_planks":2,"minecraft:white_bed":2,"minecraft:dark_oak_log":1,"minecraft:nether_bricks":5,"minecraft:granite":50,"minecraft:grass_block":5,"minecraft:cracked_polished_blackstone_bricks":4,"minecraft:jungle_log":4,"minecraft:birch_slab":4,"minecraft:spruce_leaves":25,"minecraft:nether_wart":10,"minecraft:sandstone":63,"minecraft:gilded_blackstone":1,"minecraft:polished_blackstone_bricks":7,"minecraft:furnace":3,"minecraft:fire":4,"minecraft:iron_ore":10,"minecraft:cobbled_deepslate":1,"minecraft:andesite":2,"minecraft:nether_brick_fence":1,"minecraft:packed_ice":3,"minecraft:stone":53,"minecraft:white_wool":1,"minecraft:spruce_slab":3,"minecraft:crimson_nylium":2,"minecraft:crafting_table":8,"minecraft:tall_grass":1,"minecraft:cobblestone":7,"minecraft:diorite":1,"minecraft:wall_torch":5,"minecraft:birch_planks":2,"minecraft:spruce_log":24,"minecraft:grass":11,"minecraft:coal_ore":84,"minecraft:gravel":2,"minecraft:sand":52,"minecraft:netherrack":14,"minecraft:oak_leaves":1},"minecraft:dropped":{"minecraft:bread":21,"minecraft:birch_planks":1,"minecraft:wheat_seeds":4,"minecraft:feather":7,"minecraft:granite":49,"minecraft:birch_slab":4,"minecraft:golden_apple":2,"minecraft:cod":1,"minecraft:cracked_polished_blackstone_bricks":1,"minecraft:dirt":16,"minecraft:red_bed":1,"minecraft:dark_oak_log":1,"minecraft:torch":1,"minecraft:mutton":24,"minecraft:crimson_roots":1,"minecraft:coast_armor_trim_smithing_template":4,"minecraft:wooden_sword":1,"minecraft:polished_blackstone_bricks":1,"minecraft:string":6,"minecraft:gold_ingot":1,"minecraft:blaze_rod":2,"minecraft:chicken":6,"minecraft:rotten_flesh":4,"minecraft:light_gray_wool":1,"minecraft:white_bed":1,"minecraft:carrot":5,"minecraft:filled_map":3,"minecraft:potato":55,"minecraft:leather_leggings":1,"minecraft:spruce_slab":3,"minecraft:beef":24,"minecraft:magma_cream":4,"minecraft:egg":1},"minecraft:killed_by":{"minecraft:player":1,"minecraft:piglin_brute":1,"minecraft:wither_skeleton":1,"minecraft:creeper":1,"minecraft:drowned":1,"minecraft:piglin":1,"minecraft:blaze":1},"minecraft:killed":{"minecraft:spider":1,"minecraft:cod":1,"minecraft:skeleton":5,"minecraft:chicken":6,"minecraft:piglin_brute":1,"minecraft:magma_cube":2,"minecraft:piglin":13,"minecraft:pig":8,"minecraft:zombie_villager":2,"minecraft:salmon":2,"minecraft:hoglin":3,"minecraft:sheep":18,"minecraft:pillager":9,"minecraft:zombie":6,"minecraft:blaze":2,"minecraft:cow":24},"minecraft:broken":{"minecraft:golden_boots":1,"minecraft:stone_pickaxe":1,"minecraft:shield":1,"minecraft:wooden_sword":1},"minecraft:picked_up":{"minecraft:crafting_table":8,"minecraft:iron_chestplate":3,"minecraft:nether_brick_fence":1,"minecraft:nether_wart":10,"minecraft:chicken":8,"minecraft:wooden_pickaxe":1,"minecraft:golden_shovel":3,"minecraft:diamond_horse_armor":1,"minecraft:gilded_blackstone":1,"minecraft:golden_sword":4,"minecraft:shield":3,"minecraft:string":8,"minecraft:red_bed":1,"minecraft:wooden_sword":1,"minecraft:iron_leggings":2,"minecraft:gold_nugget":1,"minecraft:cobbled_deepslate":60,"minecraft:spruce_planks":79,"minecraft:beef":41,"minecraft:spruce_slab":6,"minecraft:iron_pickaxe":4,"minecraft:light_gray_wool":3,"minecraft:iron_boots":2,"minecraft:egg":2,"minecraft:furnace":3,"minecraft:stick":12,"minecraft:raw_iron":9,"minecraft:sandstone":93,"minecraft:stone":46,"minecraft:torch":50,"minecraft:porkchop":17,"minecraft:polished_blackstone_bricks":11,"minecraft:diorite":1,"minecraft:stone_sword":3,"minecraft:arrow":3,"minecraft:rotten_flesh":10,"minecraft:pumpkin_pie":1,"minecraft:nether_bricks":5,"minecraft:saddle":2,"minecraft:gold_ingot":1,"minecraft:blaze_rod":4,"minecraft:mutton":43,"minecraft:cod":1,"minecraft:white_wool":17,"minecraft:cobblestone":72,"minecraft:feather":20,"minecraft:cooked_beef":54,"minecraft:andesite":2,"minecraft:birch_slab":8,"minecraft:salmon":2,"minecraft:jungle_log":4,"minecraft:leather":36,"minecraft:golden_leggings":1,"minecraft:red_mushroom":2,"minecraft:filled_map":1,"minecraft:birch_planks":2,"minecraft:tuff":3,"minecraft:nether_wart_block":2,"minecraft:golden_boots":3,"minecraft:dirt":37,"minecraft:white_banner":2,"minecraft:cooked_mutton":1,"minecraft:bone":9,"minecraft:wheat_seeds":4,"minecraft:iron_ingot":4,"minecraft:iron_sword":2,"minecraft:cooked_porkchop":22,"minecraft:gravel":2,"minecraft:sand":152,"minecraft:spruce_sapling":3,"minecraft:white_bed":5,"minecraft:spruce_log":23,"minecraft:dark_oak_log":1,"minecraft:spruce_boat":1,"minecraft:cracked_polished_blackstone_bricks":6,"minecraft:iron_helmet":2,"minecraft:granite":98,"minecraft:crossbow":1,"minecraft:bone_meal":1,"minecraft:golden_apple":1,"minecraft:gray_wool":2,"minecraft:bread":22,"minecraft:netherrack":29,"minecraft:coal":166,"minecraft:crimson_roots":1}},"DataVersion":3465}