{"stats":{"minecraft:killed":{"minecraft:spider":1,"minecraft:cod":1,"minecraft:skeleton":3,"minecraft:chicken":5,"minecraft:pig":8,"minecraft:zombie_villager":2,"minecraft:salmon":2,"minecraft:sheep":18,"minecraft:pillager":9,"minecraft:zombie":6,"minecraft:cow":24},"minecraft:killed_by":{"minecraft:creeper":1,"minecraft:drowned":1},"minecraft:dropped":{"minecraft:birch_planks":1,"minecraft:wheat_seeds":4,"minecraft:feather":7,"minecraft:granite":49,"minecraft:birch_slab":4,"minecraft:cod":1,"minecraft:dirt":16,"minecraft:dark_oak_log":1,"minecraft:wooden_sword":1,"minecraft:string":6,"minecraft:rotten_flesh":4,"minecraft:light_gray_wool":1,"minecraft:white_bed":1,"minecraft:filled_map":1,"minecraft:leather_leggings":1,"minecraft:spruce_slab":3,"minecraft:egg":1},"minecraft:mined":{"minecraft:spruce_planks":1,"minecraft:white_bed":2,"minecraft:dark_oak_log":1,"minecraft:granite":50,"minecraft:grass_block":5,"minecraft:jungle_log":4,"minecraft:birch_slab":4,"minecraft:spruce_leaves":25,"minecraft:sandstone":63,"minecraft:furnace":3,"minecraft:iron_ore":10,"minecraft:andesite":2,"minecraft:packed_ice":3,"minecraft:stone":53,"minecraft:white_wool":1,"minecraft:spruce_slab":3,"minecraft:crafting_table":8,"minecraft:tall_grass":1,"minecraft:cobblestone":7,"minecraft:diorite":1,"minecraft:wall_torch":5,"minecraft:birch_planks":2,"minecraft:spruce_log":24,"minecraft:grass":11,"minecraft:coal_ore":84,"minecraft:sand":52,"minecraft:oak_leaves":1},"minecraft:crafted":{"minecraft:wooden_sword":1,"minecraft:cooked_chicken":1,"minecraft:furnace":2,"minecraft:cooked_mutton":9,"minecraft:iron_boots":1,"minecraft:stone_pickaxe":1,"minecraft:chest":1,"minecraft:spruce_boat":1,"minecraft:cooked_beef":2,"minecraft:cooked_porkchop":15,"minecraft:crafting_table":3,"minecraft:spruce_planks":140,"minecraft:wooden_pickaxe":1,"minecraft:iron_helmet":1,"minecraft:iron_sword":1,"minecraft:air":0,"minecraft:iron_chestplate":1,"minecraft:charcoal":4,"minecraft:shield":1,"minecraft:stick":12,"minecraft:iron_ingot":12,"minecraft:iron_pickaxe":1,"minecraft:stone_sword":1,"minecraft:iron_leggings":1,"minecraft:white_bed":1,"minecraft:torch":4},"minecraft:used":{"minecraft:stone_sword":98,"minecraft:spruce_planks":2,"minecraft:chest":1,"minecraft:shield":26,"minecraft:iron_sword":81,"minecraft:cooked_chicken":1,"minecraft:rotten_flesh":2,"minecraft:iron_chestplate":1,"minecraft:torch":6,"minecraft:dirt":5,"minecraft:mutton":4,"minecraft:spruce_boat":1,"minecraft:iron_helmet":1,"minecraft:golden_sword":15,"minecraft:beef":6,"minecraft:furnace":5,"minecraft:egg":1,"minecraft:cooked_beef":2,"minecraft:golden_boots":1,"minecraft:cooked_mutton":9,"minecraft:diorite":1,"minecraft:leather_leggings":1,"minecraft:stone_pickaxe":131,"minecraft:wooden_pickaxe":5,"minecraft:sandstone":39,"minecraft:white_wool":1,"minecraft:salmon":1,"minecraft:sand":9,"minecraft:crafting_table":10,"minecraft:white_bed":3,"minecraft:chicken":1,"minecraft:bread":15,"minecraft:iron_pickaxe":148,"minecraft:map":1,"minecraft:spruce_sapling":1,"minecraft:wooden_sword":64,"minecraft:cobblestone":7,"minecraft:cooked_porkchop":11,"minecraft:white_banner":1,"minecraft:porkchop":2,"minecraft:andesite":2,"minecraft:experience_bottle":1},"minecraft:custom":{"minecraft:mob_kills":81,"minecraft:interact_with_crafting_table":23,"minecraft:leave_game":2,"minecraft:time_since_death":70511,"minecraft:sprint_one_cm":452868,"minecraft:walk_one_cm":692837,"minecraft:damage_blocked_by_shield":1500,"minecraft:drop":27,"minecraft:play_time":223183,"minecraft:deaths":2,"minecraft:sneak_time":5703,"minecraft:walk_under_water_one_cm":54937,"minecraft:boat_one_cm":32387,"minecraft:jump":2849,"minecraft:walk_on_water_one_cm":145432,"minecraft:total_world_time":223183,"minecraft:interact_with_furnace":18,"minecraft:sleep_in_bed":6,"minecraft:time_since_rest":56948,"minecraft:damage_taken":2627,"minecraft:damage_dealt":9821,"minecraft:swim_one_cm":146487,"minecraft:fly_one_cm":611443,"minecraft:open_chest":41,"minecraft:crouch_one_cm":16882,"minecraft:fall_one_cm":51773},"minecraft:broken":{"minecraft:golden_boots":1,"minecraft:stone_pickaxe":1,"minecraft:wooden_sword":1},"minecraft:picked_up":{"minecraft:crafting_table":8,"minecraft:iron_chestplate":1,"minecraft:chicken":5,"minecraft:wooden_pickaxe":1,"minecraft:golden_shovel":1,"minecraft:golden_sword":1,"minecraft:shield":1,"minecraft:string":8,"minecraft:wooden_sword":1,"minecraft:spruce_planks":46,"minecraft:beef":41,"minecraft:light_gray_wool":3,"minecraft:iron_pickaxe":2,"minecraft:spruce_slab":6,"minecraft:egg":2,"minecraft:furnace":3,"minecraft:raw_iron":9,"minecraft:stick":1,"minecraft:sandstone":93,"minecraft:stone":46,"minecraft:torch":5,"minecraft:porkchop":17,"minecraft:diorite":1,"minecraft:stone_sword":1,"minecraft:arrow":3,"minecraft:rotten_flesh":10,"minecraft:mutton":31,"minecraft:cod":1,"minecraft:white_wool":17,"minecraft:cobblestone":72,"minecraft:feather":20,"minecraft:jungle_log":4,"minecraft:salmon":2,"minecraft:birch_slab":8,"minecraft:andesite":2,"minecraft:leather":25,"minecraft:birch_planks":2,"minecraft:filled_map":1,"minecraft:golden_boots":1,"minecraft:dirt":37,"minecraft:white_banner":2,"minecraft:cooked_mutton":1,"minecraft:bone":5,"minecraft:wheat_seeds":4,"minecraft:sand":152,"minecraft:spruce_sapling":3,"minecraft:white_bed":5,"minecraft:spruce_log":23,"minecraft:dark_oak_log":1,"minecraft:spruce_boat":1,"minecraft:crossbow":1,"minecraft:granite":98,"minecraft:bone_meal":1,"minecraft:gray_wool":2,"minecraft:bread":22,"minecraft:coal":101}},"DataVersion":3465}