{"stats":{"minecraft:used":{"minecraft:stone_pickaxe":38,"minecraft:spruce_planks":2,"minecraft:wooden_pickaxe":3,"minecraft:white_wool":1,"minecraft:wooden_sword":20,"minecraft:crafting_table":3,"minecraft:furnace":1,"minecraft:cooked_beef":2},"minecraft:custom":{"minecraft:time_since_rest":17392,"minecraft:interact_with_furnace":6,"minecraft:sprint_one_cm":25748,"minecraft:damage_taken":105,"minecraft:walk_one_cm":41383,"minecraft:mob_kills":6,"minecraft:damage_dealt":737,"minecraft:interact_with_crafting_table":6,"minecraft:fly_one_cm":50832,"minecraft:crouch_one_cm":565,"minecraft:play_time":17392,"minecraft:sneak_time":286,"minecraft:walk_under_water_one_cm":339,"minecraft:jump":212,"minecraft:walk_on_water_one_cm":939,"minecraft:time_since_death":17392,"minecraft:total_world_time":17392,"minecraft:fall_one_cm":6492},"minecraft:killed":{"minecraft:sheep":2,"minecraft:zombie":1,"minecraft:chicken":1,"minecraft:spider":1,"minecraft:cow":1},"minecraft:crafted":{"minecraft:cooked_beef":2,"minecraft:wooden_sword":1,"minecraft:crafting_table":1,"minecraft:stick":8,"minecraft:spruce_planks":64,"minecraft:iron_ingot":3,"minecraft:cooked_chicken":1,"minecraft:wooden_pickaxe":1,"minecraft:stone_pickaxe":1,"minecraft:furnace":1,"minecraft:spruce_boat":1,"minecraft:cooked_mutton":3,"minecraft:air":0},"minecraft:picked_up":{"minecraft:crafting_table":2,"minecraft:raw_iron":3,"minecraft:chicken":1,"minecraft:andesite":2,"minecraft:spruce_sapling":1,"minecraft:spruce_log":16,"minecraft:string":2,"minecraft:rotten_flesh":2,"minecraft:beef":2,"minecraft:light_gray_wool":1,"minecraft:mutton":3,"minecraft:white_wool":1,"minecraft:cobblestone":34},"minecraft:mined":{"minecraft:iron_ore":3,"minecraft:spruce_log":16,"minecraft:andesite":2,"minecraft:crafting_table":2,"minecraft:spruce_leaves":20,"minecraft:stone":35}},"DataVersion":3465}