{"stats":{"minecraft:used":{"minecraft:crafting_table":1},"minecraft:custom":{"minecraft:time_since_rest":5392,"minecraft:crouch_one_cm":526,"minecraft:play_time":5392,"minecraft:sprint_one_cm":16687,"minecraft:damage_taken":20,"minecraft:walk_one_cm":8671,"minecraft:sneak_time":265,"minecraft:jump":107,"minecraft:time_since_death":5392,"minecraft:total_world_time":5392,"minecraft:fall_one_cm":2970,"minecraft:interact_with_crafting_table":2,"minecraft:fly_one_cm":32658},"minecraft:crafted":{"minecraft:wooden_sword":1,"minecraft:spruce_boat":1,"minecraft:crafting_table":1,"minecraft:spruce_planks":64,"minecraft:stick":4},"minecraft:picked_up":{"minecraft:crafting_table":1,"minecraft:spruce_sapling":1,"minecraft:spruce_log":16},"minecraft:mined":{"minecraft:spruce_leaves":20,"minecraft:spruce_log":16,"minecraft:crafting_table":1}},"DataVersion":3465}