{"stats":{"minecraft:picked_up":{"minecraft:crafting_table":4,"minecraft:chicken":1,"minecraft:jungle_log":4,"minecraft:birch_slab":4,"minecraft:andesite":2,"minecraft:leather":6,"minecraft:birch_planks":1,"minecraft:string":2,"minecraft:dirt":4,"minecraft:wooden_sword":1,"minecraft:bone":1,"minecraft:spruce_planks":22,"minecraft:beef":11,"minecraft:spruce_slab":2,"minecraft:light_gray_wool":1,"minecraft:furnace":1,"minecraft:raw_iron":3,"minecraft:sandstone":50,"minecraft:stone":23,"minecraft:sand":73,"minecraft:spruce_sapling":1,"minecraft:diorite":1,"minecraft:white_bed":3,"minecraft:spruce_log":16,"minecraft:arrow":1,"minecraft:rotten_flesh":2,"minecraft:granite":49,"minecraft:gray_wool":1,"minecraft:mutton":9,"minecraft:white_wool":5,"minecraft:cobblestone":45},"minecraft:killed":{"minecraft:spider":1,"minecraft:sheep":6,"minecraft:skeleton":1,"minecraft:zombie":1,"minecraft:chicken":1,"minecraft:cow":8},"minecraft:broken":{"minecraft:stone_pickaxe":1,"minecraft:wooden_sword":1},"minecraft:custom":{"minecraft:interact_with_furnace":9,"minecraft:mob_kills":18,"minecraft:interact_with_crafting_table":10,"minecraft:time_since_death":70832,"minecraft:sleep_in_bed":3,"minecraft:time_since_rest":10002,"minecraft:sprint_one_cm":39920,"minecraft:damage_taken":205,"minecraft:walk_one_cm":100425,"minecraft:drop":2,"minecraft:damage_dealt":1897,"minecraft:swim_one_cm":13927,"minecraft:fly_one_cm":66981,"minecraft:open_chest":2,"minecraft:crouch_one_cm":5133,"minecraft:play_time":70832,"minecraft:sneak_time":2228,"minecraft:walk_under_water_one_cm":26641,"minecraft:jump":479,"minecraft:walk_on_water_one_cm":43650,"minecraft:total_world_time":70832,"minecraft:fall_one_cm":8359},"minecraft:crafted":{"minecraft:cooked_beef":2,"minecraft:wooden_sword":1,"minecraft:crafting_table":1,"minecraft:spruce_planks":64,"minecraft:wooden_pickaxe":1,"minecraft:cooked_chicken":1,"minecraft:furnace":1,"minecraft:cooked_mutton":3,"minecraft:air":0,"minecraft:charcoal":4,"minecraft:stick":8,"minecraft:iron_ingot":3,"minecraft:iron_pickaxe":1,"minecraft:stone_pickaxe":1,"minecraft:white_bed":1,"minecraft:spruce_boat":1},"minecraft:used":{"minecraft:cooked_mutton":1,"minecraft:diorite":1,"minecraft:stone_pickaxe":131,"minecraft:spruce_planks":2,"minecraft:wooden_pickaxe":3,"minecraft:sandstone":29,"minecraft:cooked_chicken":1,"minecraft:white_wool":1,"minecraft:dirt":4,"minecraft:sand":5,"minecraft:crafting_table":5,"minecraft:white_bed":2,"minecraft:iron_pickaxe":27,"minecraft:wooden_sword":64,"minecraft:furnace":2,"minecraft:andesite":2,"minecraft:cooked_beef":2},"minecraft:mined":{"minecraft:spruce_planks":1,"minecraft:white_bed":2,"minecraft:crafting_table":4,"minecraft:granite":50,"minecraft:grass_block":4,"minecraft:jungle_log":4,"minecraft:tall_grass":1,"minecraft:birch_slab":4,"minecraft:spruce_leaves":20,"minecraft:diorite":1,"minecraft:sandstone":52,"minecraft:birch_planks":2,"minecraft:furnace":1,"minecraft:iron_ore":3,"minecraft:spruce_log":16,"minecraft:andesite":2,"minecraft:grass":4,"minecraft:sand":49,"minecraft:stone":46,"minecraft:white_wool":1,"minecraft:spruce_slab":2},"minecraft:dropped":{"minecraft:white_bed":1,"minecraft:wooden_sword":1}},"DataVersion":3465}