{"stats":{"minecraft:used":{"minecraft:stone_sword":105,"minecraft:chest":3,"minecraft:spruce_planks":2,"minecraft:shield":36,"minecraft:iron_sword":115,"minecraft:cooked_chicken":1,"minecraft:rotten_flesh":2,"minecraft:netherrack":3,"minecraft:iron_chestplate":3,"minecraft:torch":7,"minecraft:dirt":5,"minecraft:mutton":4,"minecraft:nether_bricks":3,"minecraft:spruce_boat":1,"minecraft:iron_helmet":3,"minecraft:iron_boots":1,"minecraft:golden_sword":15,"minecraft:beef":6,"minecraft:furnace":5,"minecraft:egg":1,"minecraft:cooked_beef":4,"minecraft:cobbled_deepslate":35,"minecraft:iron_leggings":2,"minecraft:golden_boots":1,"minecraft:cooked_mutton":9,"minecraft:diorite":1,"minecraft:leather_leggings":1,"minecraft:stone_pickaxe":131,"minecraft:wooden_pickaxe":5,"minecraft:sandstone":39,"minecraft:white_wool":1,"minecraft:salmon":1,"minecraft:sand":9,"minecraft:crafting_table":11,"minecraft:white_bed":4,"minecraft:chicken":1,"minecraft:bread":23,"minecraft:iron_pickaxe":162,"minecraft:map":1,"minecraft:spruce_sapling":1,"minecraft:gravel":2,"minecraft:nether_wart_block":2,"minecraft:wooden_sword":64,"minecraft:cobblestone":15,"minecraft:cooked_porkchop":11,"minecraft:white_banner":1,"minecraft:porkchop":2,"minecraft:andesite":2,"minecraft:pumpkin_pie":1,"minecraft:experience_bottle":1},"minecraft:crafted":{"minecraft:wooden_sword":1,"minecraft:cooked_chicken":1,"minecraft:furnace":2,"minecraft:cooked_mutton":9,"minecraft:iron_boots":1,"minecraft:stone_pickaxe":1,"minecraft:chest":3,"minecraft:spruce_boat":1,"minecraft:golden_boots":1,"minecraft:cooked_beef":2,"minecraft:cooked_porkchop":15,"minecraft:crafting_table":4,"minecraft:spruce_planks":184,"minecraft:wooden_pickaxe":1,"minecraft:iron_helmet":1,"minecraft:iron_sword":2,"minecraft:air":0,"minecraft:iron_chestplate":1,"minecraft:charcoal":4,"minecraft:shield":1,"minecraft:stick":16,"minecraft:iron_ingot":12,"minecraft:iron_pickaxe":1,"minecraft:stone_sword":1,"minecraft:gold_ingot":2,"minecraft:iron_leggings":1,"minecraft:white_bed":1,"minecraft:torch":48},"minecraft:custom":{"minecraft:mob_kills":85,"minecraft:interact_with_crafting_table":27,"minecraft:leave_game":2,"minecraft:time_since_death":32584,"minecraft:climb_one_cm":253,"minecraft:sprint_one_cm":568637,"minecraft:walk_one_cm":895426,"minecraft:damage_blocked_by_shield":2025,"minecraft:drop":43,"minecraft:play_time":294937,"minecraft:deaths":4,"minecraft:sneak_time":8716,"minecraft:walk_under_water_one_cm":54937,"minecraft:boat_one_cm":32387,"minecraft:jump":3454,"minecraft:walk_on_water_one_cm":145432,"minecraft:total_world_time":294937,"minecraft:interact_with_furnace":18,"minecraft:sleep_in_bed":7,"minecraft:time_since_rest":32646,"minecraft:damage_taken":3641,"minecraft:damage_dealt":11420,"minecraft:swim_one_cm":146487,"minecraft:fly_one_cm":700421,"minecraft:open_chest":62,"minecraft:crouch_one_cm":28775,"minecraft:fall_one_cm":62657},"minecraft:mined":{"minecraft:tuff":3,"minecraft:spruce_planks":1,"minecraft:white_bed":2,"minecraft:dark_oak_log":1,"minecraft:nether_bricks":3,"minecraft:granite":50,"minecraft:grass_block":5,"minecraft:jungle_log":4,"minecraft:birch_slab":4,"minecraft:spruce_leaves":25,"minecraft:nether_wart":10,"minecraft:sandstone":63,"minecraft:furnace":3,"minecraft:fire":1,"minecraft:iron_ore":10,"minecraft:cobbled_deepslate":1,"minecraft:andesite":2,"minecraft:nether_brick_fence":1,"minecraft:packed_ice":3,"minecraft:stone":53,"minecraft:white_wool":1,"minecraft:spruce_slab":3,"minecraft:crimson_nylium":2,"minecraft:crafting_table":8,"minecraft:tall_grass":1,"minecraft:cobblestone":7,"minecraft:diorite":1,"minecraft:wall_torch":5,"minecraft:birch_planks":2,"minecraft:spruce_log":24,"minecraft:grass":11,"minecraft:coal_ore":84,"minecraft:gravel":2,"minecraft:sand":52,"minecraft:netherrack":3,"minecraft:oak_leaves":1},"minecraft:dropped":{"minecraft:bread":21,"minecraft:birch_planks":1,"minecraft:wheat_seeds":4,"minecraft:feather":7,"minecraft:granite":49,"minecraft:birch_slab":4,"minecraft:cod":1,"minecraft:dirt":16,"minecraft:red_bed":1,"minecraft:dark_oak_log":1,"minecraft:torch":1,"minecraft:mutton":24,"minecraft:crimson_roots":1,"minecraft:coast_armor_trim_smithing_template":4,"minecraft:wooden_sword":1,"minecraft:string":6,"minecraft:blaze_rod":2,"minecraft:chicken":6,"minecraft:rotten_flesh":4,"minecraft:light_gray_wool":1,"minecraft:white_bed":1,"minecraft:carrot":5,"minecraft:filled_map":3,"minecraft:potato":55,"minecraft:leather_leggings":1,"minecraft:spruce_slab":3,"minecraft:beef":24,"minecraft:egg":1},"minecraft:killed_by":{"minecraft:wither_skeleton":1,"minecraft:creeper":1,"minecraft:drowned":1,"minecraft:blaze":1},"minecraft:killed":{"minecraft:spider":1,"minecraft:cod":1,"minecraft:skeleton":4,"minecraft:chicken":5,"minecraft:pig":8,"minecraft:zombie_villager":2,"minecraft:salmon":2,"minecraft:hoglin":2,"minecraft:sheep":18,"minecraft:pillager":9,"minecraft:zombie":6,"minecraft:blaze":1,"minecraft:cow":24},"minecraft:broken":{"minecraft:golden_boots":1,"minecraft:stone_pickaxe":1,"minecraft:wooden_sword":1},"minecraft:picked_up":{"minecraft:crafting_table":8,"minecraft:iron_chestplate":2,"minecraft:nether_brick_fence":1,"minecraft:nether_wart":10,"minecraft:chicken":8,"minecraft:wooden_pickaxe":1,"minecraft:golden_shovel":2,"minecraft:golden_sword":2,"minecraft:shield":2,"minecraft:string":8,"minecraft:red_bed":1,"minecraft:wooden_sword":1,"minecraft:iron_leggings":1,"minecraft:gold_nugget":1,"minecraft:cobbled_deepslate":60,"minecraft:spruce_planks":46,"minecraft:beef":41,"minecraft:spruce_slab":6,"minecraft:iron_pickaxe":3,"minecraft:light_gray_wool":3,"minecraft:iron_boots":1,"minecraft:egg":2,"minecraft:furnace":3,"minecraft:stick":12,"minecraft:raw_iron":9,"minecraft:sandstone":93,"minecraft:stone":46,"minecraft:torch":6,"minecraft:porkchop":17,"minecraft:diorite":1,"minecraft:stone_sword":2,"minecraft:arrow":3,"minecraft:rotten_flesh":10,"minecraft:pumpkin_pie":1,"minecraft:nether_bricks":3,"minecraft:gold_ingot":1,"minecraft:blaze_rod":2,"minecraft:mutton":43,"minecraft:cod":1,"minecraft:white_wool":17,"minecraft:cobblestone":72,"minecraft:feather":20,"minecraft:cooked_beef":32,"minecraft:andesite":2,"minecraft:birch_slab":8,"minecraft:salmon":2,"minecraft:jungle_log":4,"minecraft:leather":30,"minecraft:red_mushroom":2,"minecraft:filled_map":1,"minecraft:birch_planks":2,"minecraft:tuff":3,"minecraft:nether_wart_block":2,"minecraft:golden_boots":2,"minecraft:dirt":37,"minecraft:white_banner":2,"minecraft:cooked_mutton":1,"minecraft:bone":7,"minecraft:wheat_seeds":4,"minecraft:iron_sword":1,"minecraft:gravel":2,"minecraft:sand":152,"minecraft:spruce_sapling":3,"minecraft:white_bed":5,"minecraft:spruce_log":23,"minecraft:dark_oak_log":1,"minecraft:spruce_boat":1,"minecraft:iron_helmet":1,"minecraft:granite":98,"minecraft:crossbow":1,"minecraft:bone_meal":1,"minecraft:gray_wool":2,"minecraft:bread":22,"minecraft:netherrack":6,"minecraft:coal":166,"minecraft:crimson_roots":1}},"DataVersion":3465}