{"stats":{"minecraft:picked_up":{"minecraft:crafting_table":4,"minecraft:chicken":1,"minecraft:jungle_log":4,"minecraft:birch_slab":4,"minecraft:andesite":2,"minecraft:leather":6,"minecraft:string":2,"minecraft:dirt":4,"minecraft:wooden_sword":1,"minecraft:bone":1,"minecraft:spruce_planks":21,"minecraft:beef":11,"minecraft:light_gray_wool":1,"minecraft:furnace":1,"minecraft:raw_iron":3,"minecraft:sandstone":38,"minecraft:stone":23,"minecraft:sand":60,"minecraft:spruce_sapling":1,"minecraft:white_bed":2,"minecraft:spruce_log":16,"minecraft:arrow":1,"minecraft:rotten_flesh":2,"minecraft:granite":2,"minecraft:gray_wool":1,"minecraft:mutton":9,"minecraft:white_wool":5,"minecraft:cobblestone":36},"minecraft:broken":{"minecraft:wooden_sword":1},"minecraft:killed":{"minecraft:spider":1,"minecraft:sheep":6,"minecraft:skeleton":1,"minecraft:zombie":1,"minecraft:chicken":1,"minecraft:cow":8},"minecraft:custom":{"minecraft:interact_with_furnace":7,"minecraft:mob_kills":18,"minecraft:interact_with_crafting_table":7,"minecraft:time_since_death":46832,"minecraft:sleep_in_bed":1,"minecraft:time_since_rest":11993,"minecraft:sprint_one_cm":39896,"minecraft:damage_taken":205,"minecraft:walk_one_cm":95563,"minecraft:drop":2,"minecraft:damage_dealt":1897,"minecraft:swim_one_cm":10637,"minecraft:fly_one_cm":66903,"minecraft:crouch_one_cm":2939,"minecraft:play_time":46832,"minecraft:sneak_time":1344,"minecraft:walk_under_water_one_cm":19559,"minecraft:jump":419,"minecraft:walk_on_water_one_cm":32354,"minecraft:total_world_time":46832,"minecraft:fall_one_cm":8359},"minecraft:crafted":{"minecraft:cooked_beef":2,"minecraft:wooden_sword":1,"minecraft:crafting_table":1,"minecraft:spruce_planks":64,"minecraft:wooden_pickaxe":1,"minecraft:cooked_chicken":1,"minecraft:furnace":1,"minecraft:cooked_mutton":3,"minecraft:air":0,"minecraft:stick":8,"minecraft:iron_ingot":3,"minecraft:stone_pickaxe":1,"minecraft:white_bed":1,"minecraft:spruce_boat":1},"minecraft:used":{"minecraft:cooked_mutton":1,"minecraft:stone_pickaxe":86,"minecraft:spruce_planks":2,"minecraft:wooden_pickaxe":3,"minecraft:sandstone":21,"minecraft:cooked_chicken":1,"minecraft:white_wool":1,"minecraft:dirt":4,"minecraft:crafting_table":4,"minecraft:white_bed":1,"minecraft:wooden_sword":64,"minecraft:furnace":1,"minecraft:andesite":2,"minecraft:cooked_beef":2},"minecraft:mined":{"minecraft:white_bed":1,"minecraft:crafting_table":4,"minecraft:granite":2,"minecraft:grass_block":4,"minecraft:jungle_log":4,"minecraft:tall_grass":1,"minecraft:birch_slab":4,"minecraft:spruce_leaves":20,"minecraft:sandstone":40,"minecraft:birch_planks":1,"minecraft:furnace":1,"minecraft:iron_ore":3,"minecraft:spruce_log":16,"minecraft:andesite":2,"minecraft:grass":4,"minecraft:sand":36,"minecraft:stone":37,"minecraft:white_wool":1},"minecraft:dropped":{"minecraft:white_bed":1,"minecraft:wooden_sword":1}},"DataVersion":3465}