{"stats":{"minecraft:used":{"minecraft:stone_pickaxe":39,"minecraft:spruce_planks":2,"minecraft:wooden_pickaxe":3,"minecraft:white_wool":1,"minecraft:dirt":1,"minecraft:wooden_sword":20,"minecraft:crafting_table":3,"minecraft:furnace":1,"minecraft:andesite":2,"minecraft:cooked_beef":2},"minecraft:custom":{"minecraft:time_since_rest":29392,"minecraft:interact_with_furnace":7,"minecraft:sprint_one_cm":27743,"minecraft:damage_taken":125,"minecraft:walk_one_cm":44592,"minecraft:mob_kills":6,"minecraft:damage_dealt":737,"minecraft:interact_with_crafting_table":6,"minecraft:fly_one_cm":52040,"minecraft:crouch_one_cm":815,"minecraft:play_time":29392,"minecraft:sneak_time":368,"minecraft:walk_under_water_one_cm":339,"minecraft:jump":269,"minecraft:walk_on_water_one_cm":939,"minecraft:time_since_death":29392,"minecraft:total_world_time":29392,"minecraft:fall_one_cm":7105},"minecraft:killed":{"minecraft:sheep":2,"minecraft:zombie":1,"minecraft:chicken":1,"minecraft:spider":1,"minecraft:cow":1},"minecraft:crafted":{"minecraft:cooked_beef":2,"minecraft:wooden_sword":1,"minecraft:crafting_table":1,"minecraft:stick":8,"minecraft:spruce_planks":64,"minecraft:iron_ingot":3,"minecraft:cooked_chicken":1,"minecraft:wooden_pickaxe":1,"minecraft:stone_pickaxe":1,"minecraft:furnace":1,"minecraft:spruce_boat":1,"minecraft:cooked_mutton":3,"minecraft:air":0},"minecraft:picked_up":{"minecraft:crafting_table":3,"minecraft:raw_iron":3,"minecraft:stone":23,"minecraft:chicken":1,"minecraft:andesite":2,"minecraft:spruce_sapling":1,"minecraft:spruce_log":16,"minecraft:dirt":1,"minecraft:string":2,"minecraft:rotten_flesh":2,"minecraft:spruce_planks":21,"minecraft:beef":2,"minecraft:light_gray_wool":1,"minecraft:mutton":3,"minecraft:white_wool":2,"minecraft:cobblestone":34,"minecraft:furnace":1},"minecraft:mined":{"minecraft:furnace":1,"minecraft:iron_ore":3,"minecraft:spruce_log":16,"minecraft:andesite":2,"minecraft:crafting_table":3,"minecraft:grass_block":1,"minecraft:spruce_leaves":20,"minecraft:stone":35,"minecraft:white_wool":1}},"DataVersion":3465}