{"stats":{"minecraft:used":{"minecraft:stone_sword":260,"minecraft:stone_shovel":36,"minecraft:chest":2,"minecraft:shield":40,"minecraft:cooked_chicken":1,"minecraft:stone_hoe":29,"minecraft:rotten_flesh":33,"minecraft:torch":117,"minecraft:dirt":61,"minecraft:tuff":1,"minecraft:bow":3,"minecraft:furnace":8,"minecraft:egg":2,"minecraft:cooked_beef":4,"minecraft:cobbled_deepslate":69,"minecraft:wheat_seeds":98,"minecraft:cooked_mutton":9,"minecraft:water_bucket":20,"minecraft:diorite":1,"minecraft:stone_pickaxe":411,"minecraft:wooden_pickaxe":59,"minecraft:white_wool":1,"minecraft:crafting_table":12,"minecraft:white_bed":1,"minecraft:oak_log":4,"minecraft:apple":1,"minecraft:bread":20,"minecraft:iron_pickaxe":250,"minecraft:gravel":13,"minecraft:stone_axe":264,"minecraft:cobblestone":96,"minecraft:cooked_porkchop":18,"minecraft:bucket":21,"minecraft:bone_meal":150},"minecraft:killed_by":{"minecraft:zombie":1},"minecraft:broken":{"minecraft:stone_sword":2,"minecraft:wooden_pickaxe":1,"minecraft:stone_pickaxe":3,"minecraft:stone_axe":3,"minecraft:iron_pickaxe":1},"minecraft:crafted":{"minecraft:oak_planks":128,"minecraft:stone_shovel":1,"minecraft:cooked_chicken":2,"minecraft:furnace":2,"minecraft:bone_meal":150,"minecraft:cooked_mutton":9,"minecraft:bow":2,"minecraft:iron_boots":1,"minecraft:stone_pickaxe":4,"minecraft:chest":2,"minecraft:stone_hoe":1,"minecraft:cooked_beef":36,"minecraft:cooked_porkchop":57,"minecraft:crafting_table":2,"minecraft:wooden_pickaxe":1,"minecraft:iron_helmet":1,"minecraft:bucket":1,"minecraft:stone_axe":4,"minecraft:bread":20,"minecraft:air":0,"minecraft:iron_chestplate":1,"minecraft:diamond_pickaxe":1,"minecraft:charcoal":8,"minecraft:shield":1,"minecraft:stick":76,"minecraft:iron_ingot":114,"minecraft:iron_pickaxe":2,"minecraft:stone_sword":2,"minecraft:iron_leggings":1,"minecraft:gold_ingot":44,"minecraft:white_bed":1,"minecraft:torch":192},"minecraft:mined":{"minecraft:large_amethyst_bud":1,"minecraft:tuff":1,"minecraft:deepslate_diamond_ore":14,"minecraft:grass_block":35,"minecraft:spawner":3,"minecraft:furnace":6,"minecraft:iron_ore":48,"minecraft:cobbled_deepslate":3,"minecraft:andesite":1,"minecraft:deepslate_iron_ore":68,"minecraft:stone":120,"minecraft:deepslate_redstone_ore":8,"minecraft:amethyst_cluster":1,"minecraft:crafting_table":11,"minecraft:torch":9,"minecraft:chest":4,"minecraft:tall_grass":9,"minecraft:cobblestone":16,"minecraft:deepslate_gold_ore":44,"minecraft:diorite":1,"minecraft:wall_torch":5,"minecraft:deepslate_copper_ore":2,"minecraft:wheat":74,"minecraft:grass":39,"minecraft:oak_log":100,"minecraft:coal_ore":161,"minecraft:gravel":51,"minecraft:dirt":28,"minecraft:cobweb":21,"minecraft:oak_leaves":14,"minecraft:deepslate":198},"minecraft:killed":{"minecraft:spider":10,"minecraft:skeleton":28,"minecraft:chicken":2,"minecraft:pig":27,"minecraft:zombie_villager":1,"minecraft:creeper":8,"minecraft:sheep":5,"minecraft:zombie":46,"minecraft:cow":18,"minecraft:enderman":2},"minecraft:dropped":{"minecraft:wheat_seeds":7,"minecraft:cobblestone":1,"minecraft:rail":1,"minecraft:stick":1,"minecraft:music_disc_13":1,"minecraft:dirt":2,"minecraft:gravel":3,"minecraft:stone_sword":1,"minecraft:andesite":1,"minecraft:beetroot_seeds":7,"minecraft:oak_sapling":2},"minecraft:picked_up":{"minecraft:crafting_table":11,"minecraft:wheat":65,"minecraft:chicken":2,"minecraft:music_disc_cat":1,"minecraft:string":44,"minecraft:raw_copper":8,"minecraft:cobbled_deepslate":205,"minecraft:bucket":1,"minecraft:beef":36,"minecraft:chest":4,"minecraft:egg":2,"minecraft:furnace":6,"minecraft:stick":5,"minecraft:raw_iron":114,"minecraft:torch":17,"minecraft:porkchop":57,"minecraft:diorite":1,"minecraft:redstone":40,"minecraft:stone_sword":1,"minecraft:arrow":37,"minecraft:rotten_flesh":53,"minecraft:beetroot_seeds":7,"minecraft:gold_ingot":1,"minecraft:mutton":9,"minecraft:rail":1,"minecraft:white_wool":5,"minecraft:cobblestone":135,"minecraft:feather":1,"minecraft:andesite":1,"minecraft:leather":20,"minecraft:flint":6,"minecraft:tuff":1,"minecraft:oak_log":99,"minecraft:gunpowder":20,"minecraft:dirt":63,"minecraft:name_tag":1,"minecraft:bone":51,"minecraft:apple":3,"minecraft:bow":3,"minecraft:wheat_seeds":181,"minecraft:raw_gold":44,"minecraft:iron_ingot":3,"minecraft:oak_planks":4,"minecraft:music_disc_13":2,"minecraft:gravel":51,"minecraft:amethyst_shard":4,"minecraft:spider_eye":3,"minecraft:diamond":14,"minecraft:golden_horse_armor":1,"minecraft:coal":212,"minecraft:oak_sapling":7,"minecraft:melon_seeds":5,"minecraft:ender_pearl":2},"minecraft:custom":{"minecraft:mob_kills":152,"minecraft:interact_with_crafting_table":38,"minecraft:leave_game":5,"minecraft:time_since_death":93406,"minecraft:sprint_one_cm":591995,"minecraft:walk_one_cm":474294,"minecraft:damage_blocked_by_shield":2400,"minecraft:drop":18,"minecraft:play_time":235335,"minecraft:deaths":2,"minecraft:sneak_time":2200,"minecraft:walk_under_water_one_cm":11072,"minecraft:jump":4975,"minecraft:walk_on_water_one_cm":16112,"minecraft:total_world_time":235335,"minecraft:interact_with_furnace":98,"minecraft:sleep_in_bed":1,"minecraft:time_since_rest":93437,"minecraft:damage_taken":3509,"minecraft:damage_dealt":24329,"minecraft:fly_one_cm":773191,"minecraft:swim_one_cm":13903,"minecraft:open_chest":50,"minecraft:crouch_one_cm":5305,"minecraft:fall_one_cm":140228}},"DataVersion":3465}