{"stats":{"minecraft:used":{"minecraft:stone_sword":359,"minecraft:flint_and_steel":1,"minecraft:stone_shovel":36,"minecraft:chest":2,"minecraft:shield":47,"minecraft:cooked_chicken":1,"minecraft:stone_hoe":29,"minecraft:rotten_flesh":33,"minecraft:torch":171,"minecraft:dirt":61,"minecraft:spyglass":25,"minecraft:tuff":1,"minecraft:obsidian":13,"minecraft:bow":3,"minecraft:furnace":8,"minecraft:egg":2,"minecraft:cooked_beef":4,"minecraft:cobbled_deepslate":99,"minecraft:wheat_seeds":98,"minecraft:cooked_mutton":9,"minecraft:water_bucket":50,"minecraft:diorite":1,"minecraft:stone_pickaxe":670,"minecraft:wooden_pickaxe":59,"minecraft:white_wool":1,"minecraft:crafting_table":13,"minecraft:white_bed":1,"minecraft:oak_log":4,"minecraft:diamond_pickaxe":25,"minecraft:apple":1,"minecraft:suspicious_stew":2,"minecraft:iron_pickaxe":253,"minecraft:bread":21,"minecraft:map":3,"minecraft:gravel":13,"minecraft:stone_axe":303,"minecraft:cobblestone":100,"minecraft:cooked_porkchop":37,"minecraft:bucket":51,"minecraft:oak_boat":3,"minecraft:bone_meal":150},"minecraft:broken":{"minecraft:stone_sword":2,"minecraft:wooden_pickaxe":1,"minecraft:stone_pickaxe":5,"minecraft:shield":1,"minecraft:stone_axe":3,"minecraft:iron_pickaxe":1},"minecraft:dropped":{"minecraft:wheat_seeds":8,"minecraft:cobblestone":3,"minecraft:rail":1,"minecraft:music_disc_13":1,"minecraft:stick":1,"minecraft:dirt":2,"minecraft:gravel":3,"minecraft:stone_sword":1,"minecraft:bowl":2,"minecraft:white_carpet":1,"minecraft:oak_planks":3,"minecraft:filled_map":3,"minecraft:gunpowder":1,"minecraft:andesite":1,"minecraft:beetroot_seeds":7,"minecraft:oak_sapling":2},"minecraft:custom":{"minecraft:mob_kills":197,"minecraft:interact_with_crafting_table":47,"minecraft:leave_game":6,"minecraft:time_since_death":188218,"minecraft:sprint_one_cm":909993,"minecraft:walk_one_cm":603153,"minecraft:damage_blocked_by_shield":2850,"minecraft:drop":29,"minecraft:play_time":330147,"minecraft:deaths":2,"minecraft:sneak_time":8861,"minecraft:walk_under_water_one_cm":34308,"minecraft:boat_one_cm":192209,"minecraft:jump":7686,"minecraft:walk_on_water_one_cm":32425,"minecraft:total_world_time":330147,"minecraft:interact_with_furnace":114,"minecraft:interact_with_stonecutter":1,"minecraft:sleep_in_bed":3,"minecraft:time_since_rest":33623,"minecraft:damage_taken":4375,"minecraft:damage_dealt":31464,"minecraft:swim_one_cm":46874,"minecraft:fly_one_cm":1411816,"minecraft:open_chest":93,"minecraft:crouch_one_cm":11793,"minecraft:fall_one_cm":236567},"minecraft:killed_by":{"minecraft:zombie":1},"minecraft:picked_up":{"minecraft:crafting_table":12,"minecraft:wheat":65,"minecraft:chicken":2,"minecraft:smithing_table":1,"minecraft:enchanted_book":1,"minecraft:diamond_horse_armor":1,"minecraft:music_disc_cat":1,"minecraft:string":48,"minecraft:red_bed":1,"minecraft:raw_copper":8,"minecraft:white_carpet":1,"minecraft:cobbled_deepslate":236,"minecraft:bucket":3,"minecraft:beef":36,"minecraft:oak_boat":3,"minecraft:chest":6,"minecraft:furnace":6,"minecraft:egg":2,"minecraft:stick":5,"minecraft:raw_iron":144,"minecraft:torch":21,"minecraft:porkchop":98,"minecraft:diorite":2,"minecraft:redstone":40,"minecraft:stone_sword":1,"minecraft:arrow":41,"minecraft:rotten_flesh":71,"minecraft:beetroot_seeds":9,"minecraft:gold_ingot":1,"minecraft:obsidian":23,"minecraft:mutton":9,"minecraft:rail":1,"minecraft:white_wool":5,"minecraft:cobblestone":163,"minecraft:feather":1,"minecraft:andesite":1,"minecraft:leather":20,"minecraft:potato":5,"minecraft:flint":6,"minecraft:tuff":2,"minecraft:oak_log":101,"minecraft:gunpowder":29,"minecraft:lapis_lazuli":7,"minecraft:dirt":63,"minecraft:name_tag":2,"minecraft:bone":68,"minecraft:apple":3,"minecraft:bow":3,"minecraft:wheat_seeds":182,"minecraft:raw_gold":46,"minecraft:iron_ingot":3,"minecraft:oak_planks":4,"minecraft:music_disc_13":3,"minecraft:gravel":51,"minecraft:amethyst_shard":4,"minecraft:spider_eye":3,"minecraft:diamond":14,"minecraft:golden_apple":1,"minecraft:golden_horse_armor":1,"minecraft:bread":1,"minecraft:oak_sapling":7,"minecraft:coal":372,"minecraft:melon_seeds":7,"minecraft:ender_pearl":2},"minecraft:crafted":{"minecraft:oak_planks":356,"minecraft:stone_shovel":1,"minecraft:spyglass":2,"minecraft:cooked_chicken":2,"minecraft:furnace":2,"minecraft:bone_meal":150,"minecraft:cooked_mutton":9,"minecraft:flint_and_steel":1,"minecraft:bow":2,"minecraft:iron_boots":1,"minecraft:stone_pickaxe":7,"minecraft:chest":2,"minecraft:stone_hoe":1,"minecraft:cooked_beef":36,"minecraft:cooked_porkchop":57,"minecraft:crafting_table":2,"minecraft:wooden_pickaxe":1,"minecraft:iron_helmet":1,"minecraft:copper_ingot":8,"minecraft:bucket":1,"minecraft:stone_axe":5,"minecraft:bread":20,"minecraft:air":0,"minecraft:oak_boat":1,"minecraft:iron_chestplate":1,"minecraft:diamond_pickaxe":1,"minecraft:charcoal":8,"minecraft:shield":2,"minecraft:stick":84,"minecraft:iron_ingot":145,"minecraft:iron_pickaxe":2,"minecraft:stone_sword":4,"minecraft:iron_leggings":1,"minecraft:gold_ingot":46,"minecraft:white_bed":1,"minecraft:torch":192},"minecraft:killed":{"minecraft:spider":10,"minecraft:skeleton":31,"minecraft:chicken":2,"minecraft:drowned":8,"minecraft:pig":47,"minecraft:zombie_villager":1,"minecraft:creeper":10,"minecraft:sheep":5,"minecraft:pillager":1,"minecraft:zombie":56,"minecraft:cow":18,"minecraft:enderman":3},"minecraft:mined":{"minecraft:large_amethyst_bud":1,"minecraft:tuff":2,"minecraft:deepslate_diamond_ore":14,"minecraft:obsidian":24,"minecraft:grass_block":35,"minecraft:spawner":3,"minecraft:tall_seagrass":1,"minecraft:furnace":6,"minecraft:iron_ore":78,"minecraft:cobbled_deepslate":3,"minecraft:andesite":1,"minecraft:potatoes":3,"minecraft:deepslate_iron_ore":69,"minecraft:stone":144,"minecraft:smithing_table":1,"minecraft:deepslate_redstone_ore":8,"minecraft:light_gray_carpet":1,"minecraft:red_bed":1,"minecraft:amethyst_cluster":1,"minecraft:powder_snow":10,"minecraft:crafting_table":12,"minecraft:torch":11,"minecraft:chest":6,"minecraft:cobblestone":25,"minecraft:tall_grass":9,"minecraft:lapis_ore":1,"minecraft:deepslate_gold_ore":46,"minecraft:diorite":2,"minecraft:wall_torch":7,"minecraft:deepslate_copper_ore":2,"minecraft:wheat":75,"minecraft:white_carpet":2,"minecraft:grass":42,"minecraft:oak_log":102,"minecraft:coal_ore":321,"minecraft:gravel":52,"minecraft:dirt":28,"minecraft:cobweb":21,"minecraft:oak_leaves":15,"minecraft:deepslate":231}},"DataVersion":3465}