{"stats":{"minecraft:used":{"minecraft:rotten_flesh":1,"minecraft:dirt":5},"minecraft:custom":{"minecraft:time_since_rest":4050,"minecraft:crouch_one_cm":77,"minecraft:sprint_one_cm":8075,"minecraft:play_time":4818,"minecraft:deaths":1,"minecraft:damage_taken":405,"minecraft:walk_one_cm":5154,"minecraft:sneak_time":9,"minecraft:mob_kills":3,"minecraft:drop":4,"minecraft:jump":146,"minecraft:damage_dealt":552,"minecraft:leave_game":2,"minecraft:time_since_death":4016,"minecraft:total_world_time":4818,"minecraft:fall_one_cm":3878,"minecraft:fly_one_cm":25043},"minecraft:killed":{"minecraft:spider":1,"minecraft:zombie":2},"minecraft:killed_by":{"minecraft:zombie":1},"minecraft:dropped":{"minecraft:dirt":2,"minecraft:wheat_seeds":2},"minecraft:picked_up":{"minecraft:rotten_flesh":2,"minecraft:wheat_seeds":2,"minecraft:dirt":7},"minecraft:mined":{"minecraft:grass":3,"minecraft:grass_block":6,"minecraft:dirt":1}},"DataVersion":3465}