{"stats":{"minecraft:custom":{"minecraft:interact_with_furnace":55,"minecraft:mob_kills":86,"minecraft:interact_with_crafting_table":25,"minecraft:leave_game":3,"minecraft:time_since_death":121384,"minecraft:sleep_in_bed":1,"minecraft:time_since_rest":64633,"minecraft:sprint_one_cm":355307,"minecraft:damage_taken":2640,"minecraft:walk_one_cm":228204,"minecraft:damage_blocked_by_shield":1785,"minecraft:drop":10,"minecraft:damage_dealt":15357,"minecraft:swim_one_cm":1197,"minecraft:fly_one_cm":370002,"minecraft:open_chest":12,"minecraft:crouch_one_cm":3308,"minecraft:play_time":122186,"minecraft:sneak_time":1478,"minecraft:deaths":1,"minecraft:walk_under_water_one_cm":5023,"minecraft:jump":2483,"minecraft:walk_on_water_one_cm":8394,"minecraft:total_world_time":122186,"minecraft:fall_one_cm":72883},"minecraft:used":{"minecraft:cooked_mutton":9,"minecraft:water_bucket":8,"minecraft:diorite":1,"minecraft:stone_sword":71,"minecraft:stone_pickaxe":219,"minecraft:wooden_pickaxe":59,"minecraft:chest":2,"minecraft:shield":30,"minecraft:cooked_chicken":1,"minecraft:rotten_flesh":29,"minecraft:white_wool":1,"minecraft:torch":106,"minecraft:dirt":37,"minecraft:crafting_table":11,"minecraft:white_bed":1,"minecraft:iron_pickaxe":115,"minecraft:gravel":13,"minecraft:stone_axe":203,"minecraft:bow":3,"minecraft:cobblestone":67,"minecraft:furnace":8,"minecraft:cooked_porkchop":17,"minecraft:bucket":9,"minecraft:egg":1,"minecraft:cooked_beef":4,"minecraft:cobbled_deepslate":20},"minecraft:killed":{"minecraft:pig":8,"minecraft:zombie_villager":1,"minecraft:spider":6,"minecraft:creeper":7,"minecraft:skeleton":20,"minecraft:sheep":5,"minecraft:zombie":34,"minecraft:chicken":1,"minecraft:enderman":1,"minecraft:cow":2},"minecraft:killed_by":{"minecraft:zombie":1},"minecraft:dropped":{"minecraft:gravel":3,"minecraft:wheat_seeds":2,"minecraft:rail":1,"minecraft:music_disc_13":1,"minecraft:stick":1,"minecraft:dirt":2,"minecraft:beetroot_seeds":7,"minecraft:oak_sapling":1},"minecraft:crafted":{"minecraft:cooked_beef":4,"minecraft:oak_planks":128,"minecraft:cooked_porkchop":17,"minecraft:crafting_table":2,"minecraft:wooden_pickaxe":1,"minecraft:iron_helmet":1,"minecraft:cooked_chicken":1,"minecraft:furnace":2,"minecraft:bucket":1,"minecraft:stone_axe":3,"minecraft:cooked_mutton":9,"minecraft:air":0,"minecraft:iron_boots":1,"minecraft:iron_chestplate":1,"minecraft:shield":1,"minecraft:stick":36,"minecraft:iron_ingot":47,"minecraft:iron_pickaxe":1,"minecraft:stone_pickaxe":2,"minecraft:stone_sword":1,"minecraft:chest":2,"minecraft:iron_leggings":1,"minecraft:gold_ingot":1,"minecraft:white_bed":1,"minecraft:torch":92},"minecraft:picked_up":{"minecraft:crafting_table":10,"minecraft:wheat":4,"minecraft:chicken":1,"minecraft:leather":2,"minecraft:flint":3,"minecraft:oak_log":55,"minecraft:gunpowder":20,"minecraft:string":22,"minecraft:dirt":39,"minecraft:music_disc_cat":1,"minecraft:name_tag":1,"minecraft:bone":40,"minecraft:apple":2,"minecraft:bow":1,"minecraft:wheat_seeds":2,"minecraft:cobbled_deepslate":33,"minecraft:raw_gold":42,"minecraft:bucket":1,"minecraft:iron_ingot":3,"minecraft:beef":4,"minecraft:chest":4,"minecraft:oak_planks":4,"minecraft:furnace":6,"minecraft:egg":1,"minecraft:stick":3,"minecraft:raw_iron":98,"minecraft:music_disc_13":2,"minecraft:torch":14,"minecraft:gravel":16,"minecraft:porkchop":17,"minecraft:amethyst_shard":4,"minecraft:diorite":1,"minecraft:redstone":40,"minecraft:spider_eye":1,"minecraft:arrow":25,"minecraft:rotten_flesh":43,"minecraft:diamond":14,"minecraft:beetroot_seeds":7,"minecraft:gold_ingot":1,"minecraft:golden_horse_armor":1,"minecraft:melon_seeds":5,"minecraft:oak_sapling":4,"minecraft:mutton":9,"minecraft:coal":97,"minecraft:rail":1,"minecraft:white_wool":5,"minecraft:cobblestone":124,"minecraft:ender_pearl":1},"minecraft:broken":{"minecraft:stone_pickaxe":1,"minecraft:stone_axe":2,"minecraft:wooden_pickaxe":1},"minecraft:mined":{"minecraft:large_amethyst_bud":1,"minecraft:deepslate_redstone_ore":8,"minecraft:deepslate_diamond_ore":14,"minecraft:amethyst_cluster":1,"minecraft:crafting_table":10,"minecraft:torch":7,"minecraft:grass_block":11,"minecraft:chest":4,"minecraft:cobblestone":12,"minecraft:deepslate_gold_ore":42,"minecraft:diorite":1,"minecraft:wall_torch":4,"minecraft:spawner":2,"minecraft:furnace":6,"minecraft:iron_ore":43,"minecraft:grass":7,"minecraft:oak_log":55,"minecraft:coal_ore":44,"minecraft:deepslate_iron_ore":57,"minecraft:gravel":13,"minecraft:dirt":28,"minecraft:cobweb":2,"minecraft:stone":113,"minecraft:oak_leaves":4,"minecraft:deepslate":29}},"DataVersion":3465}