{"stats":{"minecraft:picked_up":{"minecraft:crafting_table":9,"minecraft:chicken":1,"minecraft:leather":2,"minecraft:flint":3,"minecraft:oak_log":50,"minecraft:gunpowder":7,"minecraft:music_disc_cat":1,"minecraft:dirt":39,"minecraft:bone":26,"minecraft:apple":2,"minecraft:wheat_seeds":2,"minecraft:cobbled_deepslate":16,"minecraft:raw_gold":12,"minecraft:bucket":1,"minecraft:beef":4,"minecraft:chest":2,"minecraft:egg":1,"minecraft:furnace":6,"minecraft:stick":3,"minecraft:raw_iron":73,"minecraft:music_disc_13":2,"minecraft:torch":14,"minecraft:gravel":13,"minecraft:porkchop":17,"minecraft:diorite":1,"minecraft:redstone":27,"minecraft:spider_eye":1,"minecraft:arrow":16,"minecraft:rotten_flesh":33,"minecraft:diamond":1,"minecraft:beetroot_seeds":4,"minecraft:oak_sapling":4,"minecraft:mutton":9,"minecraft:coal":97,"minecraft:white_wool":5,"minecraft:cobblestone":112},"minecraft:killed":{"minecraft:pig":8,"minecraft:spider":2,"minecraft:creeper":4,"minecraft:sheep":5,"minecraft:skeleton":11,"minecraft:zombie":24,"minecraft:chicken":1,"minecraft:cow":2},"minecraft:broken":{"minecraft:stone_pickaxe":1,"minecraft:stone_axe":2,"minecraft:wooden_pickaxe":1},"minecraft:custom":{"minecraft:interact_with_furnace":55,"minecraft:mob_kills":58,"minecraft:interact_with_crafting_table":24,"minecraft:leave_game":2,"minecraft:time_since_death":71407,"minecraft:sleep_in_bed":1,"minecraft:time_since_rest":14656,"minecraft:sprint_one_cm":184084,"minecraft:damage_taken":1682,"minecraft:walk_one_cm":136157,"minecraft:damage_blocked_by_shield":855,"minecraft:drop":5,"minecraft:damage_dealt":9289,"minecraft:swim_one_cm":925,"minecraft:fly_one_cm":231476,"minecraft:open_chest":11,"minecraft:crouch_one_cm":2221,"minecraft:play_time":72209,"minecraft:deaths":1,"minecraft:sneak_time":945,"minecraft:walk_under_water_one_cm":4153,"minecraft:jump":1474,"minecraft:walk_on_water_one_cm":4503,"minecraft:total_world_time":72209,"minecraft:fall_one_cm":42587},"minecraft:crafted":{"minecraft:cooked_beef":4,"minecraft:oak_planks":108,"minecraft:cooked_porkchop":17,"minecraft:crafting_table":1,"minecraft:iron_helmet":1,"minecraft:wooden_pickaxe":1,"minecraft:cooked_chicken":1,"minecraft:furnace":2,"minecraft:bucket":1,"minecraft:stone_axe":3,"minecraft:cooked_mutton":9,"minecraft:air":0,"minecraft:iron_boots":1,"minecraft:iron_chestplate":1,"minecraft:shield":1,"minecraft:stick":36,"minecraft:iron_ingot":47,"minecraft:iron_pickaxe":1,"minecraft:stone_pickaxe":2,"minecraft:chest":2,"minecraft:iron_leggings":1,"minecraft:gold_ingot":1,"minecraft:white_bed":1,"minecraft:torch":92},"minecraft:used":{"minecraft:cooked_mutton":7,"minecraft:water_bucket":4,"minecraft:diorite":1,"minecraft:stone_pickaxe":171,"minecraft:chest":2,"minecraft:wooden_pickaxe":59,"minecraft:shield":15,"minecraft:cooked_chicken":1,"minecraft:rotten_flesh":12,"minecraft:white_wool":1,"minecraft:torch":106,"minecraft:dirt":27,"minecraft:crafting_table":10,"minecraft:white_bed":1,"minecraft:iron_pickaxe":64,"minecraft:gravel":13,"minecraft:stone_axe":167,"minecraft:cobblestone":6,"minecraft:furnace":8,"minecraft:cooked_porkchop":11,"minecraft:bucket":5,"minecraft:egg":1},"minecraft:mined":{"minecraft:deepslate_redstone_ore":5,"minecraft:deepslate_diamond_ore":1,"minecraft:crafting_table":9,"minecraft:torch":7,"minecraft:grass_block":11,"minecraft:chest":2,"minecraft:deepslate_gold_ore":12,"minecraft:diorite":1,"minecraft:wall_torch":4,"minecraft:spawner":1,"minecraft:furnace":6,"minecraft:iron_ore":43,"minecraft:grass":7,"minecraft:oak_log":50,"minecraft:coal_ore":44,"minecraft:deepslate_iron_ore":32,"minecraft:gravel":12,"minecraft:dirt":28,"minecraft:stone":113,"minecraft:deepslate":16,"minecraft:oak_leaves":4},"minecraft:killed_by":{"minecraft:zombie":1},"minecraft:dropped":{"minecraft:wheat_seeds":2,"minecraft:dirt":2,"minecraft:oak_sapling":1}},"DataVersion":3465}