{"stats":{"minecraft:picked_up":{"minecraft:crafting_table":9,"minecraft:chicken":1,"minecraft:leather":2,"minecraft:flint":3,"minecraft:oak_log":50,"minecraft:gunpowder":3,"minecraft:dirt":39,"minecraft:bone":9,"minecraft:apple":2,"minecraft:wheat_seeds":2,"minecraft:cobbled_deepslate":15,"minecraft:raw_gold":11,"minecraft:beef":4,"minecraft:egg":1,"minecraft:furnace":6,"minecraft:stick":3,"minecraft:raw_iron":61,"minecraft:torch":8,"minecraft:gravel":12,"minecraft:porkchop":17,"minecraft:diorite":1,"minecraft:arrow":6,"minecraft:rotten_flesh":25,"minecraft:diamond":1,"minecraft:oak_sapling":4,"minecraft:mutton":9,"minecraft:coal":95,"minecraft:white_wool":5,"minecraft:cobblestone":112},"minecraft:killed":{"minecraft:pig":8,"minecraft:spider":1,"minecraft:creeper":2,"minecraft:sheep":5,"minecraft:skeleton":6,"minecraft:zombie":22,"minecraft:chicken":1,"minecraft:cow":2},"minecraft:broken":{"minecraft:stone_pickaxe":1,"minecraft:stone_axe":1,"minecraft:wooden_pickaxe":1},"minecraft:custom":{"minecraft:interact_with_furnace":48,"minecraft:mob_kills":48,"minecraft:interact_with_crafting_table":23,"minecraft:leave_game":2,"minecraft:time_since_death":59407,"minecraft:sleep_in_bed":1,"minecraft:time_since_rest":2656,"minecraft:sprint_one_cm":138407,"minecraft:damage_taken":1345,"minecraft:walk_one_cm":113094,"minecraft:damage_blocked_by_shield":555,"minecraft:drop":5,"minecraft:damage_dealt":7689,"minecraft:swim_one_cm":925,"minecraft:fly_one_cm":180399,"minecraft:open_chest":6,"minecraft:crouch_one_cm":2221,"minecraft:play_time":60209,"minecraft:deaths":1,"minecraft:sneak_time":874,"minecraft:walk_under_water_one_cm":2117,"minecraft:jump":1196,"minecraft:walk_on_water_one_cm":3073,"minecraft:total_world_time":60209,"minecraft:fall_one_cm":31668},"minecraft:crafted":{"minecraft:cooked_beef":4,"minecraft:oak_planks":108,"minecraft:cooked_porkchop":17,"minecraft:crafting_table":1,"minecraft:wooden_pickaxe":1,"minecraft:cooked_chicken":1,"minecraft:furnace":2,"minecraft:bucket":1,"minecraft:stone_axe":3,"minecraft:cooked_mutton":9,"minecraft:air":0,"minecraft:shield":1,"minecraft:stick":32,"minecraft:iron_ingot":47,"minecraft:iron_pickaxe":1,"minecraft:stone_pickaxe":2,"minecraft:chest":2,"minecraft:white_bed":1,"minecraft:torch":84},"minecraft:used":{"minecraft:cooked_mutton":7,"minecraft:water_bucket":4,"minecraft:diorite":1,"minecraft:stone_pickaxe":155,"minecraft:chest":2,"minecraft:wooden_pickaxe":59,"minecraft:shield":10,"minecraft:cooked_chicken":1,"minecraft:rotten_flesh":12,"minecraft:white_wool":1,"minecraft:torch":60,"minecraft:dirt":27,"minecraft:crafting_table":10,"minecraft:white_bed":1,"minecraft:iron_pickaxe":58,"minecraft:stone_axe":144,"minecraft:cobblestone":6,"minecraft:furnace":8,"minecraft:cooked_porkchop":6,"minecraft:bucket":5,"minecraft:egg":1},"minecraft:mined":{"minecraft:deepslate_diamond_ore":1,"minecraft:crafting_table":9,"minecraft:torch":3,"minecraft:grass_block":11,"minecraft:deepslate_gold_ore":11,"minecraft:diorite":1,"minecraft:wall_torch":3,"minecraft:furnace":6,"minecraft:iron_ore":43,"minecraft:grass":7,"minecraft:oak_log":50,"minecraft:coal_ore":44,"minecraft:deepslate_iron_ore":19,"minecraft:gravel":11,"minecraft:dirt":28,"minecraft:stone":113,"minecraft:deepslate":15,"minecraft:oak_leaves":4},"minecraft:killed_by":{"minecraft:zombie":1},"minecraft:dropped":{"minecraft:wheat_seeds":2,"minecraft:dirt":2,"minecraft:oak_sapling":1}},"DataVersion":3465}