{"stats":{"minecraft:custom":{"minecraft:interact_with_furnace":65,"minecraft:mob_kills":96,"minecraft:interact_with_crafting_table":25,"minecraft:leave_game":3,"minecraft:time_since_death":16257,"minecraft:sleep_in_bed":1,"minecraft:time_since_rest":16288,"minecraft:sprint_one_cm":426586,"minecraft:damage_taken":3022,"minecraft:walk_one_cm":304964,"minecraft:damage_blocked_by_shield":2100,"minecraft:drop":10,"minecraft:damage_dealt":17006,"minecraft:swim_one_cm":1197,"minecraft:fly_one_cm":468256,"minecraft:open_chest":18,"minecraft:crouch_one_cm":3455,"minecraft:play_time":158186,"minecraft:sneak_time":1518,"minecraft:deaths":2,"minecraft:walk_under_water_one_cm":5096,"minecraft:jump":3219,"minecraft:walk_on_water_one_cm":9495,"minecraft:total_world_time":158186,"minecraft:fall_one_cm":94054},"minecraft:used":{"minecraft:cooked_mutton":9,"minecraft:water_bucket":8,"minecraft:diorite":1,"minecraft:stone_sword":109,"minecraft:stone_pickaxe":248,"minecraft:wooden_pickaxe":59,"minecraft:chest":2,"minecraft:shield":35,"minecraft:cooked_chicken":1,"minecraft:rotten_flesh":33,"minecraft:white_wool":1,"minecraft:torch":106,"minecraft:dirt":37,"minecraft:crafting_table":11,"minecraft:white_bed":1,"minecraft:iron_pickaxe":118,"minecraft:gravel":13,"minecraft:stone_axe":211,"minecraft:bow":3,"minecraft:cobblestone":86,"minecraft:furnace":8,"minecraft:cooked_porkchop":17,"minecraft:bucket":9,"minecraft:egg":1,"minecraft:cooked_beef":4,"minecraft:cobbled_deepslate":20},"minecraft:killed":{"minecraft:pig":11,"minecraft:zombie_villager":1,"minecraft:spider":7,"minecraft:creeper":7,"minecraft:skeleton":23,"minecraft:sheep":5,"minecraft:zombie":37,"minecraft:chicken":1,"minecraft:enderman":1,"minecraft:cow":2},"minecraft:killed_by":{"minecraft:zombie":1},"minecraft:dropped":{"minecraft:gravel":3,"minecraft:wheat_seeds":2,"minecraft:rail":1,"minecraft:music_disc_13":1,"minecraft:stick":1,"minecraft:dirt":2,"minecraft:beetroot_seeds":7,"minecraft:oak_sapling":1},"minecraft:crafted":{"minecraft:cooked_beef":4,"minecraft:oak_planks":128,"minecraft:cooked_porkchop":17,"minecraft:crafting_table":2,"minecraft:wooden_pickaxe":1,"minecraft:iron_helmet":1,"minecraft:cooked_chicken":1,"minecraft:furnace":2,"minecraft:bucket":1,"minecraft:stone_axe":3,"minecraft:cooked_mutton":9,"minecraft:air":0,"minecraft:iron_boots":1,"minecraft:iron_chestplate":1,"minecraft:shield":1,"minecraft:stick":36,"minecraft:iron_ingot":95,"minecraft:iron_pickaxe":1,"minecraft:stone_pickaxe":2,"minecraft:stone_sword":1,"minecraft:chest":2,"minecraft:iron_leggings":1,"minecraft:gold_ingot":25,"minecraft:white_bed":1,"minecraft:torch":92},"minecraft:picked_up":{"minecraft:crafting_table":10,"minecraft:wheat":4,"minecraft:chicken":1,"minecraft:leather":2,"minecraft:flint":3,"minecraft:oak_log":55,"minecraft:gunpowder":20,"minecraft:string":41,"minecraft:dirt":63,"minecraft:music_disc_cat":1,"minecraft:name_tag":1,"minecraft:bone":46,"minecraft:apple":2,"minecraft:bow":2,"minecraft:wheat_seeds":4,"minecraft:cobbled_deepslate":48,"minecraft:raw_gold":44,"minecraft:bucket":1,"minecraft:iron_ingot":3,"minecraft:beef":4,"minecraft:chest":4,"minecraft:oak_planks":4,"minecraft:furnace":6,"minecraft:egg":1,"minecraft:stick":3,"minecraft:raw_iron":107,"minecraft:music_disc_13":2,"minecraft:torch":14,"minecraft:gravel":16,"minecraft:porkchop":22,"minecraft:amethyst_shard":4,"minecraft:diorite":1,"minecraft:redstone":40,"minecraft:spider_eye":2,"minecraft:arrow":30,"minecraft:rotten_flesh":43,"minecraft:diamond":14,"minecraft:beetroot_seeds":7,"minecraft:gold_ingot":1,"minecraft:golden_horse_armor":1,"minecraft:melon_seeds":5,"minecraft:oak_sapling":4,"minecraft:mutton":9,"minecraft:coal":97,"minecraft:rail":1,"minecraft:white_wool":5,"minecraft:cobblestone":128,"minecraft:ender_pearl":1},"minecraft:broken":{"minecraft:stone_pickaxe":1,"minecraft:stone_sword":1,"minecraft:stone_axe":2,"minecraft:wooden_pickaxe":1},"minecraft:mined":{"minecraft:large_amethyst_bud":1,"minecraft:deepslate_redstone_ore":8,"minecraft:deepslate_diamond_ore":14,"minecraft:amethyst_cluster":1,"minecraft:crafting_table":10,"minecraft:torch":7,"minecraft:grass_block":35,"minecraft:chest":4,"minecraft:cobblestone":16,"minecraft:deepslate_gold_ore":44,"minecraft:diorite":1,"minecraft:wall_torch":4,"minecraft:spawner":3,"minecraft:furnace":6,"minecraft:iron_ore":48,"minecraft:grass":28,"minecraft:oak_log":55,"minecraft:coal_ore":44,"minecraft:deepslate_iron_ore":62,"minecraft:gravel":13,"minecraft:dirt":28,"minecraft:cobweb":21,"minecraft:stone":113,"minecraft:oak_leaves":4,"minecraft:deepslate":44}},"DataVersion":3465}