{"stats":{"minecraft:picked_up":{"minecraft:raw_iron":18,"minecraft:crafting_table":3,"minecraft:chicken":1,"minecraft:oak_log":9,"minecraft:diorite":1,"minecraft:dirt":17,"minecraft:rotten_flesh":4,"minecraft:wheat_seeds":2,"minecraft:coal":25,"minecraft:mutton":7,"minecraft:furnace":1,"minecraft:white_wool":4,"minecraft:cobblestone":48,"minecraft:egg":1},"minecraft:broken":{"minecraft:wooden_pickaxe":1},"minecraft:killed":{"minecraft:sheep":4,"minecraft:zombie":4,"minecraft:chicken":1,"minecraft:spider":1},"minecraft:custom":{"minecraft:time_since_rest":17441,"minecraft:interact_with_furnace":5,"minecraft:sprint_one_cm":32007,"minecraft:damage_taken":475,"minecraft:walk_one_cm":31232,"minecraft:mob_kills":10,"minecraft:drop":4,"minecraft:damage_dealt":1312,"minecraft:interact_with_crafting_table":4,"minecraft:fly_one_cm":76584,"minecraft:crouch_one_cm":427,"minecraft:play_time":18209,"minecraft:deaths":1,"minecraft:sneak_time":317,"minecraft:jump":404,"minecraft:leave_game":2,"minecraft:time_since_death":17407,"minecraft:total_world_time":18209,"minecraft:fall_one_cm":13630},"minecraft:crafted":{"minecraft:oak_planks":36,"minecraft:crafting_table":1,"minecraft:stick":8,"minecraft:cooked_chicken":1,"minecraft:wooden_pickaxe":1,"minecraft:stone_pickaxe":1,"minecraft:furnace":1,"minecraft:torch":8,"minecraft:stone_axe":1,"minecraft:air":0,"minecraft:cooked_mutton":7},"minecraft:used":{"minecraft:cooked_mutton":4,"minecraft:stone_pickaxe":36,"minecraft:wooden_pickaxe":59,"minecraft:torch":7,"minecraft:cooked_chicken":1,"minecraft:rotten_flesh":1,"minecraft:white_wool":1,"minecraft:stone_axe":18,"minecraft:dirt":15,"minecraft:cobblestone":1,"minecraft:crafting_table":3,"minecraft:furnace":1,"minecraft:egg":1},"minecraft:mined":{"minecraft:furnace":1,"minecraft:iron_ore":18,"minecraft:crafting_table":3,"minecraft:coal_ore":25,"minecraft:grass":5,"minecraft:grass_block":8,"minecraft:oak_log":9,"minecraft:dirt":9,"minecraft:stone":48,"minecraft:diorite":1,"minecraft:oak_leaves":2},"minecraft:killed_by":{"minecraft:zombie":1},"minecraft:dropped":{"minecraft:dirt":2,"minecraft:wheat_seeds":2}},"DataVersion":3465}