{"stats":{"minecraft:picked_up":{"minecraft:rotten_flesh":2,"minecraft:wheat_seeds":2,"minecraft:oak_log":4,"minecraft:dirt":7},"minecraft:killed":{"minecraft:spider":1,"minecraft:zombie":2},"minecraft:custom":{"minecraft:time_since_rest":5441,"minecraft:crouch_one_cm":77,"minecraft:sprint_one_cm":10390,"minecraft:play_time":6209,"minecraft:damage_taken":405,"minecraft:deaths":1,"minecraft:walk_one_cm":6686,"minecraft:sneak_time":9,"minecraft:mob_kills":3,"minecraft:drop":4,"minecraft:jump":170,"minecraft:damage_dealt":552,"minecraft:leave_game":2,"minecraft:time_since_death":5407,"minecraft:total_world_time":6209,"minecraft:interact_with_crafting_table":1,"minecraft:fall_one_cm":4505,"minecraft:fly_one_cm":29790},"minecraft:crafted":{"minecraft:oak_planks":16,"minecraft:crafting_table":1,"minecraft:stick":4,"minecraft:wooden_pickaxe":1},"minecraft:used":{"minecraft:rotten_flesh":1,"minecraft:dirt":5,"minecraft:crafting_table":1},"minecraft:mined":{"minecraft:oak_log":4,"minecraft:grass":4,"minecraft:grass_block":6,"minecraft:dirt":1,"minecraft:oak_leaves":2},"minecraft:killed_by":{"minecraft:zombie":1},"minecraft:dropped":{"minecraft:dirt":2,"minecraft:wheat_seeds":2}},"DataVersion":3465}