{"stats":{"minecraft:used":{"minecraft:stone_sword":673,"minecraft:flint_and_steel":1,"minecraft:stone_shovel":72,"minecraft:oak_sign":6,"minecraft:chest":19,"minecraft:shield":70,"minecraft:cooked_chicken":1,"minecraft:stone_hoe":53,"minecraft:rotten_flesh":33,"minecraft:netherrack":83,"minecraft:iron_chestplate":1,"minecraft:torch":350,"minecraft:mooshroom_spawn_egg":3,"minecraft:dirt":85,"minecraft:spyglass":43,"minecraft:nether_bricks":18,"minecraft:tuff":1,"minecraft:obsidian":13,"minecraft:warden_spawn_egg":1,"minecraft:spawner":10,"minecraft:piglin_brute_spawn_egg":10,"minecraft:slime_spawn_egg":5,"minecraft:basalt":1,"minecraft:bow":40,"minecraft:goat_horn":9,"minecraft:furnace":9,"minecraft:egg":2,"minecraft:chiseled_polished_blackstone":2,"minecraft:cooked_beef":10,"minecraft:potato":24,"minecraft:cobbled_deepslate":230,"minecraft:enchanted_golden_apple":1,"minecraft:wheat_seeds":121,"minecraft:cooked_mutton":9,"minecraft:water_bucket":51,"minecraft:diorite":2,"minecraft:blackstone":10,"minecraft:stone_pickaxe":1107,"minecraft:wooden_pickaxe":59,"minecraft:polished_blackstone_bricks":3,"minecraft:white_wool":1,"minecraft:crafting_table":14,"minecraft:white_bed":1,"minecraft:oak_log":4,"minecraft:diamond_pickaxe":25,"minecraft:apple":1,"minecraft:cracked_polished_blackstone_bricks":5,"minecraft:iron_pickaxe":273,"minecraft:suspicious_stew":2,"minecraft:bread":21,"minecraft:map":3,"minecraft:gravel":13,"minecraft:stone_axe":304,"minecraft:cobblestone":100,"minecraft:cooked_porkchop":81,"minecraft:bucket":52,"minecraft:oak_boat":3,"minecraft:bone_meal":150},"minecraft:crafted":{"minecraft:oak_planks":356,"minecraft:stone_shovel":1,"minecraft:oak_sign":6,"minecraft:spyglass":2,"minecraft:cooked_chicken":2,"minecraft:furnace":3,"minecraft:bone_meal":150,"minecraft:flint_and_steel":1,"minecraft:cooked_mutton":9,"minecraft:bow":2,"minecraft:iron_boots":2,"minecraft:stone_pickaxe":11,"minecraft:chest":2,"minecraft:stone_hoe":1,"minecraft:golden_boots":1,"minecraft:cooked_beef":36,"minecraft:cooked_porkchop":98,"minecraft:crafting_table":2,"minecraft:wooden_pickaxe":1,"minecraft:iron_helmet":2,"minecraft:copper_ingot":8,"minecraft:bucket":1,"minecraft:stone_axe":5,"minecraft:bread":20,"minecraft:air":0,"minecraft:oak_boat":1,"minecraft:iron_chestplate":2,"minecraft:diamond_pickaxe":1,"minecraft:charcoal":8,"minecraft:shield":2,"minecraft:stick":188,"minecraft:iron_ingot":185,"minecraft:iron_pickaxe":2,"minecraft:stone_sword":6,"minecraft:iron_leggings":2,"minecraft:gold_ingot":57,"minecraft:white_bed":1,"minecraft:torch":560},"minecraft:custom":{"minecraft:mob_kills":304,"minecraft:interact_with_crafting_table":56,"minecraft:leave_game":8,"minecraft:time_since_death":5690,"minecraft:climb_one_cm":859,"minecraft:sprint_one_cm":1288220,"minecraft:walk_one_cm":1028079,"minecraft:damage_blocked_by_shield":4545,"minecraft:drop":53,"minecraft:play_time":512168,"minecraft:sneak_time":22305,"minecraft:deaths":6,"minecraft:walk_under_water_one_cm":34762,"minecraft:boat_one_cm":192209,"minecraft:jump":11166,"minecraft:walk_on_water_one_cm":33202,"minecraft:total_world_time":512168,"minecraft:interact_with_furnace":130,"minecraft:interact_with_stonecutter":1,"minecraft:sleep_in_bed":4,"minecraft:time_since_rest":5720,"minecraft:damage_taken":8950,"minecraft:damage_dealt":46861,"minecraft:player_kills":1,"minecraft:swim_one_cm":47210,"minecraft:fly_one_cm":2479788,"minecraft:open_chest":208,"minecraft:crouch_one_cm":56701,"minecraft:fall_one_cm":321541},"minecraft:mined":{"minecraft:large_amethyst_bud":1,"minecraft:tuff":55,"minecraft:mossy_cobblestone":1,"minecraft:deepslate_diamond_ore":14,"minecraft:chiseled_polished_blackstone":8,"minecraft:nether_bricks":12,"minecraft:obsidian":24,"minecraft:grass_block":59,"minecraft:crimson_roots":2,"minecraft:cracked_polished_blackstone_bricks":7,"minecraft:nether_wart":3,"minecraft:spawner":3,"minecraft:polished_blackstone_bricks":9,"minecraft:tall_seagrass":1,"minecraft:furnace":6,"minecraft:fire":26,"minecraft:iron_ore":135,"minecraft:cobbled_deepslate":3,"minecraft:andesite":1,"minecraft:gold_block":4,"minecraft:potatoes":3,"minecraft:oak_sign":1,"minecraft:deepslate_iron_ore":94,"minecraft:stone":157,"minecraft:smithing_table":1,"minecraft:deepslate_redstone_ore":8,"minecraft:light_gray_carpet":1,"minecraft:blackstone":10,"minecraft:red_bed":1,"minecraft:soul_sand":10,"minecraft:basalt":1,"minecraft:soul_fire":2,"minecraft:amethyst_cluster":1,"minecraft:powder_snow":10,"minecraft:crafting_table":13,"minecraft:torch":20,"minecraft:chest":6,"minecraft:tall_grass":9,"minecraft:cobblestone":26,"minecraft:lapis_ore":1,"minecraft:deepslate_gold_ore":57,"minecraft:wall_torch":13,"minecraft:diorite":5,"minecraft:deepslate_copper_ore":2,"minecraft:nether_wart_block":2,"minecraft:wheat":98,"minecraft:white_carpet":2,"minecraft:grass":42,"minecraft:oak_log":102,"minecraft:coal_ore":373,"minecraft:gravel":52,"minecraft:dirt":28,"minecraft:cobweb":21,"minecraft:netherrack":108,"minecraft:oak_leaves":15,"minecraft:deepslate":312},"minecraft:dropped":{"minecraft:wheat_seeds":8,"minecraft:cooked_beef":32,"minecraft:cooked_porkchop":44,"minecraft:warden_spawn_egg":1,"minecraft:cobblestone":3,"minecraft:leather":4,"minecraft:saddle":1,"minecraft:rail":1,"minecraft:coal":64,"minecraft:red_mushroom":1,"minecraft:music_disc_13":1,"minecraft:stick":12,"minecraft:dirt":2,"minecraft:red_bed":1,"minecraft:diorite":1,"minecraft:pumpkin_pie":1,"minecraft:slime_spawn_egg":64,"minecraft:polished_blackstone_bricks":1,"minecraft:iron_pickaxe":1,"minecraft:bone":2,"minecraft:gravel":3,"minecraft:stone_axe":1,"minecraft:stone_sword":1,"minecraft:cobbled_deepslate":59,"minecraft:bowl":2,"minecraft:white_carpet":1,"minecraft:oak_planks":3,"minecraft:nether_bricks":2,"minecraft:recovery_compass":1,"minecraft:filled_map":3,"minecraft:shield":1,"minecraft:gunpowder":1,"minecraft:iron_chestplate":1,"minecraft:andesite":1,"minecraft:beetroot_seeds":7,"minecraft:chest":1,"minecraft:oak_sapling":2},"minecraft:killed_by":{"minecraft:player":1,"minecraft:creeper":1,"minecraft:piglin":1,"minecraft:blaze":1,"minecraft:zombie":1},"minecraft:killed":{"minecraft:spider":16,"minecraft:slime":18,"minecraft:skeleton":43,"minecraft:chicken":2,"minecraft:drowned":8,"minecraft:piglin_brute":1,"minecraft:magma_cube":5,"minecraft:piglin":18,"minecraft:pig":47,"minecraft:zombie_villager":2,"minecraft:hoglin":4,"minecraft:creeper":12,"minecraft:sheep":5,"minecraft:pillager":1,"minecraft:zombie":79,"minecraft:wither_skeleton":3,"minecraft:blaze":13,"minecraft:cow":18,"minecraft:enderman":3},"minecraft:broken":{"minecraft:stone_sword":5,"minecraft:wooden_pickaxe":1,"minecraft:stone_pickaxe":8,"minecraft:shield":1,"minecraft:stone_axe":3,"minecraft:iron_pickaxe":1},"minecraft:picked_up":{"minecraft:crafting_table":17,"minecraft:iron_chestplate":8,"minecraft:wheat":86,"minecraft:nether_brick_fence":1,"minecraft:chicken":5,"minecraft:nether_wart":115,"minecraft:wooden_pickaxe":1,"minecraft:brown_mushroom":1,"minecraft:smithing_table":1,"minecraft:gilded_blackstone":3,"minecraft:gold_block":9,"minecraft:enchanted_book":3,"minecraft:golden_shovel":4,"minecraft:diamond_horse_armor":7,"minecraft:golden_sword":3,"minecraft:shield":7,"minecraft:music_disc_cat":1,"minecraft:string":52,"minecraft:red_bed":2,"minecraft:raw_copper":8,"minecraft:flint_and_steel":3,"minecraft:iron_leggings":7,"minecraft:white_carpet":1,"minecraft:blackstone":10,"minecraft:oak_sign":1,"minecraft:gold_nugget":1,"minecraft:cobbled_deepslate":465,"minecraft:bucket":3,"minecraft:spruce_planks":53,"minecraft:beef":60,"minecraft:oak_boat":4,"minecraft:iron_pickaxe":8,"minecraft:chest":6,"minecraft:furnace":6,"minecraft:egg":2,"minecraft:iron_boots":7,"minecraft:stick":33,"minecraft:raw_iron":226,"minecraft:torch":887,"minecraft:porkchop":156,"minecraft:polished_blackstone_bricks":4,"minecraft:music_disc_pigstep":2,"minecraft:diorite":4,"minecraft:carrot":5,"minecraft:redstone":40,"minecraft:golden_chestplate":3,"minecraft:rotten_flesh":94,"minecraft:stone_sword":10,"minecraft:arrow":115,"minecraft:stone_shovel":4,"minecraft:beetroot_seeds":9,"minecraft:pumpkin_pie":1,"minecraft:nether_bricks":1,"minecraft:saddle":10,"minecraft:gold_ingot":5,"minecraft:bone_block":22,"minecraft:blaze_rod":14,"minecraft:obsidian":53,"minecraft:mutton":21,"minecraft:rail":1,"minecraft:white_wool":5,"minecraft:cobblestone":178,"minecraft:magma_cream":8,"minecraft:basalt":1,"minecraft:feather":1,"minecraft:cooked_beef":100,"minecraft:water_bucket":1,"minecraft:andesite":1,"minecraft:golden_leggings":1,"minecraft:leather":31,"minecraft:red_mushroom":2,"minecraft:potato":60,"minecraft:filled_map":2,"minecraft:flint":6,"minecraft:tuff":107,"minecraft:oak_log":101,"minecraft:golden_boots":5,"minecraft:gunpowder":32,"minecraft:lapis_lazuli":7,"minecraft:dirt":87,"minecraft:name_tag":2,"minecraft:coast_armor_trim_smithing_template":4,"minecraft:bone":88,"minecraft:apple":3,"minecraft:bow":7,"minecraft:wheat_seeds":245,"minecraft:raw_gold":57,"minecraft:stone_pickaxe":11,"minecraft:iron_ingot":13,"minecraft:soul_sand":70,"minecraft:stone_hoe":1,"minecraft:iron_sword":3,"minecraft:oak_planks":103,"minecraft:chiseled_polished_blackstone":6,"minecraft:cooked_porkchop":111,"minecraft:music_disc_13":3,"minecraft:spyglass":4,"minecraft:gravel":51,"minecraft:amethyst_shard":4,"minecraft:spider_eye":6,"minecraft:slime_ball":14,"minecraft:diamond":14,"minecraft:stone_axe":9,"minecraft:cracked_polished_blackstone_bricks":6,"minecraft:iron_helmet":6,"minecraft:golden_apple":3,"minecraft:golden_horse_armor":4,"minecraft:bread":74,"minecraft:netherrack":104,"minecraft:oak_sapling":7,"minecraft:melon_seeds":7,"minecraft:coal":508,"minecraft:ender_pearl":2}},"DataVersion":3465}