{"stats":{"minecraft:killed":{"minecraft:spider":7,"minecraft:skeleton":23,"minecraft:chicken":2,"minecraft:pig":18,"minecraft:zombie_villager":1,"minecraft:creeper":7,"minecraft:sheep":5,"minecraft:zombie":39,"minecraft:cow":6,"minecraft:enderman":1},"minecraft:killed_by":{"minecraft:zombie":1},"minecraft:dropped":{"minecraft:wheat_seeds":5,"minecraft:rail":1,"minecraft:stick":1,"minecraft:music_disc_13":1,"minecraft:dirt":2,"minecraft:gravel":3,"minecraft:stone_sword":1,"minecraft:beetroot_seeds":7,"minecraft:oak_sapling":2},"minecraft:crafted":{"minecraft:oak_planks":128,"minecraft:stone_shovel":1,"minecraft:cooked_chicken":1,"minecraft:furnace":2,"minecraft:bone_meal":150,"minecraft:cooked_mutton":9,"minecraft:bow":1,"minecraft:iron_boots":1,"minecraft:stone_pickaxe":3,"minecraft:chest":2,"minecraft:stone_hoe":1,"minecraft:cooked_beef":4,"minecraft:cooked_porkchop":22,"minecraft:crafting_table":2,"minecraft:wooden_pickaxe":1,"minecraft:iron_helmet":1,"minecraft:bucket":1,"minecraft:stone_axe":4,"minecraft:bread":20,"minecraft:air":0,"minecraft:iron_chestplate":1,"minecraft:charcoal":8,"minecraft:shield":1,"minecraft:stick":44,"minecraft:iron_ingot":113,"minecraft:iron_pickaxe":1,"minecraft:stone_sword":2,"minecraft:iron_leggings":1,"minecraft:gold_ingot":25,"minecraft:white_bed":1,"minecraft:torch":96},"minecraft:mined":{"minecraft:large_amethyst_bud":1,"minecraft:tuff":1,"minecraft:deepslate_diamond_ore":14,"minecraft:grass_block":35,"minecraft:spawner":3,"minecraft:furnace":6,"minecraft:iron_ore":48,"minecraft:cobbled_deepslate":2,"minecraft:deepslate_iron_ore":68,"minecraft:stone":113,"minecraft:deepslate_redstone_ore":8,"minecraft:amethyst_cluster":1,"minecraft:crafting_table":10,"minecraft:torch":9,"minecraft:chest":4,"minecraft:tall_grass":8,"minecraft:cobblestone":16,"minecraft:deepslate_gold_ore":44,"minecraft:diorite":1,"minecraft:wall_torch":5,"minecraft:deepslate_copper_ore":2,"minecraft:wheat":74,"minecraft:grass":29,"minecraft:oak_log":100,"minecraft:coal_ore":44,"minecraft:gravel":51,"minecraft:dirt":28,"minecraft:cobweb":21,"minecraft:oak_leaves":14,"minecraft:deepslate":198},"minecraft:used":{"minecraft:stone_sword":151,"minecraft:stone_shovel":36,"minecraft:chest":2,"minecraft:shield":35,"minecraft:stone_hoe":29,"minecraft:cooked_chicken":1,"minecraft:rotten_flesh":33,"minecraft:torch":112,"minecraft:dirt":61,"minecraft:tuff":1,"minecraft:bow":3,"minecraft:furnace":8,"minecraft:egg":1,"minecraft:cooked_beef":4,"minecraft:cobbled_deepslate":28,"minecraft:wheat_seeds":98,"minecraft:cooked_mutton":9,"minecraft:water_bucket":11,"minecraft:diorite":1,"minecraft:stone_pickaxe":394,"minecraft:wooden_pickaxe":59,"minecraft:white_wool":1,"minecraft:crafting_table":11,"minecraft:white_bed":1,"minecraft:oak_log":4,"minecraft:apple":1,"minecraft:bread":7,"minecraft:iron_pickaxe":141,"minecraft:gravel":13,"minecraft:stone_axe":255,"minecraft:cobblestone":96,"minecraft:cooked_porkchop":17,"minecraft:bucket":12,"minecraft:bone_meal":150},"minecraft:custom":{"minecraft:mob_kills":111,"minecraft:interact_with_crafting_table":35,"minecraft:leave_game":4,"minecraft:time_since_death":62835,"minecraft:sprint_one_cm":492597,"minecraft:walk_one_cm":426462,"minecraft:damage_blocked_by_shield":2100,"minecraft:drop":14,"minecraft:play_time":204764,"minecraft:deaths":2,"minecraft:sneak_time":1586,"minecraft:walk_under_water_one_cm":6296,"minecraft:jump":3977,"minecraft:walk_on_water_one_cm":10287,"minecraft:total_world_time":204764,"minecraft:interact_with_furnace":84,"minecraft:sleep_in_bed":1,"minecraft:time_since_rest":62866,"minecraft:damage_taken":3032,"minecraft:damage_dealt":18555,"minecraft:fly_one_cm":587639,"minecraft:swim_one_cm":13185,"minecraft:open_chest":31,"minecraft:crouch_one_cm":3564,"minecraft:fall_one_cm":112533},"minecraft:broken":{"minecraft:stone_sword":1,"minecraft:wooden_pickaxe":1,"minecraft:stone_pickaxe":3,"minecraft:stone_axe":3},"minecraft:picked_up":{"minecraft:crafting_table":10,"minecraft:wheat":65,"minecraft:chicken":2,"minecraft:music_disc_cat":1,"minecraft:string":41,"minecraft:raw_copper":8,"minecraft:cobbled_deepslate":204,"minecraft:bucket":1,"minecraft:beef":15,"minecraft:chest":4,"minecraft:egg":1,"minecraft:furnace":6,"minecraft:raw_iron":113,"minecraft:stick":5,"minecraft:torch":17,"minecraft:porkchop":41,"minecraft:diorite":1,"minecraft:redstone":40,"minecraft:stone_sword":1,"minecraft:arrow":30,"minecraft:rotten_flesh":45,"minecraft:beetroot_seeds":7,"minecraft:gold_ingot":1,"minecraft:mutton":9,"minecraft:white_wool":5,"minecraft:rail":1,"minecraft:cobblestone":128,"minecraft:feather":1,"minecraft:leather":7,"minecraft:flint":6,"minecraft:tuff":1,"minecraft:oak_log":99,"minecraft:gunpowder":20,"minecraft:dirt":63,"minecraft:name_tag":1,"minecraft:bone":46,"minecraft:apple":3,"minecraft:bow":2,"minecraft:wheat_seeds":179,"minecraft:raw_gold":44,"minecraft:iron_ingot":3,"minecraft:oak_planks":4,"minecraft:music_disc_13":2,"minecraft:gravel":51,"minecraft:amethyst_shard":4,"minecraft:spider_eye":2,"minecraft:diamond":14,"minecraft:golden_horse_armor":1,"minecraft:coal":97,"minecraft:oak_sapling":7,"minecraft:melon_seeds":5,"minecraft:ender_pearl":1}},"DataVersion":3465}