{"stats":{"minecraft:custom":{"minecraft:interact_with_furnace":55,"minecraft:mob_kills":76,"minecraft:interact_with_crafting_table":25,"minecraft:leave_game":3,"minecraft:time_since_death":91384,"minecraft:sleep_in_bed":1,"minecraft:time_since_rest":34633,"minecraft:sprint_one_cm":270803,"minecraft:damage_taken":2196,"minecraft:walk_one_cm":193670,"minecraft:damage_blocked_by_shield":1500,"minecraft:drop":8,"minecraft:damage_dealt":12989,"minecraft:swim_one_cm":1197,"minecraft:fly_one_cm":298150,"minecraft:open_chest":12,"minecraft:crouch_one_cm":2619,"minecraft:play_time":92186,"minecraft:sneak_time":1302,"minecraft:deaths":1,"minecraft:walk_under_water_one_cm":5023,"minecraft:jump":2027,"minecraft:walk_on_water_one_cm":7855,"minecraft:total_world_time":92186,"minecraft:fall_one_cm":55936},"minecraft:used":{"minecraft:cooked_mutton":7,"minecraft:water_bucket":8,"minecraft:diorite":1,"minecraft:stone_sword":37,"minecraft:stone_pickaxe":198,"minecraft:wooden_pickaxe":59,"minecraft:chest":2,"minecraft:shield":25,"minecraft:cooked_chicken":1,"minecraft:rotten_flesh":12,"minecraft:white_wool":1,"minecraft:torch":106,"minecraft:dirt":37,"minecraft:crafting_table":11,"minecraft:white_bed":1,"minecraft:iron_pickaxe":100,"minecraft:gravel":13,"minecraft:stone_axe":198,"minecraft:cobblestone":15,"minecraft:furnace":8,"minecraft:cooked_porkchop":17,"minecraft:bucket":9,"minecraft:egg":1,"minecraft:cooked_beef":3,"minecraft:cobbled_deepslate":20},"minecraft:killed":{"minecraft:pig":8,"minecraft:zombie_villager":1,"minecraft:spider":4,"minecraft:creeper":7,"minecraft:skeleton":17,"minecraft:sheep":5,"minecraft:zombie":30,"minecraft:chicken":1,"minecraft:cow":2},"minecraft:killed_by":{"minecraft:zombie":1},"minecraft:dropped":{"minecraft:wheat_seeds":2,"minecraft:rail":1,"minecraft:music_disc_13":1,"minecraft:stick":1,"minecraft:dirt":2,"minecraft:oak_sapling":1},"minecraft:crafted":{"minecraft:cooked_beef":4,"minecraft:oak_planks":128,"minecraft:cooked_porkchop":17,"minecraft:crafting_table":2,"minecraft:wooden_pickaxe":1,"minecraft:iron_helmet":1,"minecraft:cooked_chicken":1,"minecraft:furnace":2,"minecraft:bucket":1,"minecraft:stone_axe":3,"minecraft:cooked_mutton":9,"minecraft:air":0,"minecraft:iron_boots":1,"minecraft:iron_chestplate":1,"minecraft:shield":1,"minecraft:stick":36,"minecraft:iron_ingot":47,"minecraft:iron_pickaxe":1,"minecraft:stone_pickaxe":2,"minecraft:stone_sword":1,"minecraft:chest":2,"minecraft:iron_leggings":1,"minecraft:gold_ingot":1,"minecraft:white_bed":1,"minecraft:torch":92},"minecraft:picked_up":{"minecraft:crafting_table":10,"minecraft:wheat":4,"minecraft:chicken":1,"minecraft:leather":2,"minecraft:flint":3,"minecraft:oak_log":55,"minecraft:gunpowder":20,"minecraft:string":20,"minecraft:dirt":39,"minecraft:music_disc_cat":1,"minecraft:name_tag":1,"minecraft:bone":38,"minecraft:apple":2,"minecraft:bow":1,"minecraft:wheat_seeds":2,"minecraft:cobbled_deepslate":29,"minecraft:raw_gold":36,"minecraft:bucket":1,"minecraft:iron_ingot":3,"minecraft:beef":4,"minecraft:chest":4,"minecraft:oak_planks":1,"minecraft:furnace":6,"minecraft:egg":1,"minecraft:stick":3,"minecraft:raw_iron":90,"minecraft:music_disc_13":2,"minecraft:torch":14,"minecraft:gravel":13,"minecraft:porkchop":17,"minecraft:diorite":1,"minecraft:redstone":40,"minecraft:spider_eye":1,"minecraft:arrow":21,"minecraft:rotten_flesh":42,"minecraft:diamond":5,"minecraft:beetroot_seeds":7,"minecraft:gold_ingot":1,"minecraft:golden_horse_armor":1,"minecraft:melon_seeds":5,"minecraft:oak_sapling":4,"minecraft:mutton":9,"minecraft:coal":97,"minecraft:rail":1,"minecraft:white_wool":5,"minecraft:cobblestone":114},"minecraft:broken":{"minecraft:stone_pickaxe":1,"minecraft:stone_axe":2,"minecraft:wooden_pickaxe":1},"minecraft:mined":{"minecraft:deepslate_redstone_ore":8,"minecraft:deepslate_diamond_ore":5,"minecraft:crafting_table":10,"minecraft:torch":7,"minecraft:grass_block":11,"minecraft:chest":4,"minecraft:cobblestone":2,"minecraft:deepslate_gold_ore":36,"minecraft:diorite":1,"minecraft:wall_torch":4,"minecraft:spawner":2,"minecraft:furnace":6,"minecraft:iron_ore":43,"minecraft:grass":7,"minecraft:oak_log":55,"minecraft:coal_ore":44,"minecraft:deepslate_iron_ore":49,"minecraft:gravel":13,"minecraft:dirt":28,"minecraft:cobweb":2,"minecraft:stone":113,"minecraft:oak_leaves":4,"minecraft:deepslate":28}},"DataVersion":3465}