{"stats":{"minecraft:used":{"minecraft:stone_sword":566,"minecraft:flint_and_steel":1,"minecraft:stone_shovel":72,"minecraft:oak_sign":6,"minecraft:chest":10,"minecraft:shield":60,"minecraft:cooked_chicken":1,"minecraft:stone_hoe":53,"minecraft:rotten_flesh":33,"minecraft:netherrack":16,"minecraft:torch":336,"minecraft:mooshroom_spawn_egg":3,"minecraft:dirt":85,"minecraft:spyglass":33,"minecraft:nether_bricks":3,"minecraft:tuff":1,"minecraft:obsidian":13,"minecraft:warden_spawn_egg":1,"minecraft:spawner":10,"minecraft:piglin_brute_spawn_egg":10,"minecraft:slime_spawn_egg":5,"minecraft:bow":40,"minecraft:goat_horn":9,"minecraft:furnace":9,"minecraft:egg":2,"minecraft:cooked_beef":4,"minecraft:potato":24,"minecraft:cobbled_deepslate":208,"minecraft:enchanted_golden_apple":1,"minecraft:wheat_seeds":121,"minecraft:cooked_mutton":9,"minecraft:water_bucket":51,"minecraft:diorite":2,"minecraft:stone_pickaxe":982,"minecraft:wooden_pickaxe":59,"minecraft:white_wool":1,"minecraft:crafting_table":14,"minecraft:white_bed":1,"minecraft:oak_log":4,"minecraft:diamond_pickaxe":25,"minecraft:apple":1,"minecraft:iron_pickaxe":267,"minecraft:suspicious_stew":2,"minecraft:bread":21,"minecraft:map":3,"minecraft:gravel":13,"minecraft:stone_axe":303,"minecraft:cobblestone":100,"minecraft:cooked_porkchop":69,"minecraft:bucket":52,"minecraft:oak_boat":3,"minecraft:bone_meal":150},"minecraft:crafted":{"minecraft:oak_planks":356,"minecraft:stone_shovel":1,"minecraft:oak_sign":6,"minecraft:spyglass":2,"minecraft:cooked_chicken":2,"minecraft:furnace":3,"minecraft:bone_meal":150,"minecraft:flint_and_steel":1,"minecraft:cooked_mutton":9,"minecraft:bow":2,"minecraft:iron_boots":2,"minecraft:stone_pickaxe":11,"minecraft:chest":2,"minecraft:stone_hoe":1,"minecraft:golden_boots":1,"minecraft:cooked_beef":36,"minecraft:cooked_porkchop":98,"minecraft:crafting_table":2,"minecraft:wooden_pickaxe":1,"minecraft:iron_helmet":2,"minecraft:copper_ingot":8,"minecraft:bucket":1,"minecraft:stone_axe":5,"minecraft:bread":20,"minecraft:air":0,"minecraft:oak_boat":1,"minecraft:iron_chestplate":2,"minecraft:diamond_pickaxe":1,"minecraft:charcoal":8,"minecraft:shield":2,"minecraft:stick":188,"minecraft:iron_ingot":185,"minecraft:iron_pickaxe":2,"minecraft:stone_sword":6,"minecraft:iron_leggings":2,"minecraft:gold_ingot":57,"minecraft:white_bed":1,"minecraft:torch":560},"minecraft:custom":{"minecraft:mob_kills":279,"minecraft:interact_with_crafting_table":56,"minecraft:leave_game":7,"minecraft:time_since_death":20028,"minecraft:climb_one_cm":859,"minecraft:sprint_one_cm":1198642,"minecraft:walk_one_cm":881131,"minecraft:damage_blocked_by_shield":3615,"minecraft:drop":43,"minecraft:play_time":440994,"minecraft:sneak_time":11904,"minecraft:deaths":4,"minecraft:walk_under_water_one_cm":34762,"minecraft:boat_one_cm":192209,"minecraft:jump":10149,"minecraft:walk_on_water_one_cm":33202,"minecraft:total_world_time":440994,"minecraft:interact_with_furnace":130,"minecraft:interact_with_stonecutter":1,"minecraft:sleep_in_bed":4,"minecraft:time_since_rest":20059,"minecraft:damage_taken":7038,"minecraft:damage_dealt":42148,"minecraft:swim_one_cm":47210,"minecraft:fly_one_cm":1996746,"minecraft:open_chest":173,"minecraft:crouch_one_cm":21774,"minecraft:fall_one_cm":291869},"minecraft:mined":{"minecraft:large_amethyst_bud":1,"minecraft:tuff":55,"minecraft:mossy_cobblestone":1,"minecraft:deepslate_diamond_ore":14,"minecraft:obsidian":24,"minecraft:grass_block":59,"minecraft:crimson_roots":2,"minecraft:nether_wart":3,"minecraft:spawner":3,"minecraft:tall_seagrass":1,"minecraft:furnace":6,"minecraft:fire":11,"minecraft:iron_ore":135,"minecraft:cobbled_deepslate":3,"minecraft:andesite":1,"minecraft:potatoes":3,"minecraft:oak_sign":1,"minecraft:deepslate_iron_ore":94,"minecraft:stone":157,"minecraft:smithing_table":1,"minecraft:deepslate_redstone_ore":8,"minecraft:light_gray_carpet":1,"minecraft:red_bed":1,"minecraft:soul_sand":10,"minecraft:soul_fire":2,"minecraft:amethyst_cluster":1,"minecraft:powder_snow":10,"minecraft:crafting_table":13,"minecraft:torch":20,"minecraft:chest":6,"minecraft:tall_grass":9,"minecraft:cobblestone":26,"minecraft:lapis_ore":1,"minecraft:deepslate_gold_ore":57,"minecraft:wall_torch":13,"minecraft:diorite":5,"minecraft:deepslate_copper_ore":2,"minecraft:nether_wart_block":2,"minecraft:wheat":98,"minecraft:white_carpet":2,"minecraft:grass":42,"minecraft:oak_log":102,"minecraft:coal_ore":373,"minecraft:gravel":52,"minecraft:dirt":28,"minecraft:cobweb":21,"minecraft:netherrack":29,"minecraft:oak_leaves":15,"minecraft:deepslate":312},"minecraft:dropped":{"minecraft:wheat_seeds":8,"minecraft:cooked_beef":32,"minecraft:cobblestone":3,"minecraft:leather":4,"minecraft:rail":1,"minecraft:coal":64,"minecraft:red_mushroom":1,"minecraft:music_disc_13":1,"minecraft:stick":12,"minecraft:dirt":2,"minecraft:red_bed":1,"minecraft:diorite":1,"minecraft:pumpkin_pie":1,"minecraft:iron_pickaxe":1,"minecraft:bone":2,"minecraft:gravel":3,"minecraft:stone_sword":1,"minecraft:cobbled_deepslate":59,"minecraft:bowl":2,"minecraft:white_carpet":1,"minecraft:oak_planks":3,"minecraft:nether_bricks":1,"minecraft:filled_map":3,"minecraft:shield":1,"minecraft:gunpowder":1,"minecraft:iron_chestplate":1,"minecraft:andesite":1,"minecraft:beetroot_seeds":7,"minecraft:oak_sapling":2},"minecraft:killed_by":{"minecraft:creeper":1,"minecraft:blaze":1,"minecraft:zombie":1},"minecraft:killed":{"minecraft:spider":16,"minecraft:slime":18,"minecraft:skeleton":43,"minecraft:chicken":2,"minecraft:drowned":8,"minecraft:piglin":1,"minecraft:pig":47,"minecraft:zombie_villager":2,"minecraft:hoglin":2,"minecraft:creeper":12,"minecraft:sheep":5,"minecraft:pillager":1,"minecraft:zombie":79,"minecraft:wither_skeleton":3,"minecraft:blaze":13,"minecraft:cow":18,"minecraft:enderman":3},"minecraft:broken":{"minecraft:stone_sword":4,"minecraft:wooden_pickaxe":1,"minecraft:stone_pickaxe":7,"minecraft:shield":1,"minecraft:stone_axe":3,"minecraft:iron_pickaxe":1},"minecraft:picked_up":{"minecraft:crafting_table":15,"minecraft:iron_chestplate":4,"minecraft:wheat":86,"minecraft:nether_brick_fence":1,"minecraft:chicken":5,"minecraft:nether_wart":45,"minecraft:brown_mushroom":1,"minecraft:smithing_table":1,"minecraft:enchanted_book":1,"minecraft:golden_shovel":1,"minecraft:diamond_horse_armor":3,"minecraft:golden_sword":1,"minecraft:shield":4,"minecraft:music_disc_cat":1,"minecraft:string":52,"minecraft:red_bed":2,"minecraft:raw_copper":8,"minecraft:flint_and_steel":1,"minecraft:iron_leggings":3,"minecraft:white_carpet":1,"minecraft:oak_sign":1,"minecraft:gold_nugget":1,"minecraft:cobbled_deepslate":465,"minecraft:bucket":3,"minecraft:beef":60,"minecraft:oak_boat":4,"minecraft:iron_pickaxe":4,"minecraft:chest":6,"minecraft:furnace":6,"minecraft:egg":2,"minecraft:iron_boots":3,"minecraft:stick":27,"minecraft:raw_iron":226,"minecraft:torch":288,"minecraft:porkchop":124,"minecraft:diorite":4,"minecraft:carrot":5,"minecraft:redstone":40,"minecraft:golden_chestplate":3,"minecraft:rotten_flesh":94,"minecraft:stone_sword":5,"minecraft:arrow":97,"minecraft:stone_shovel":2,"minecraft:beetroot_seeds":9,"minecraft:pumpkin_pie":1,"minecraft:saddle":4,"minecraft:gold_ingot":5,"minecraft:blaze_rod":6,"minecraft:obsidian":33,"minecraft:mutton":21,"minecraft:rail":1,"minecraft:white_wool":5,"minecraft:cobblestone":178,"minecraft:feather":1,"minecraft:cooked_beef":62,"minecraft:water_bucket":1,"minecraft:andesite":1,"minecraft:leather":28,"minecraft:red_mushroom":2,"minecraft:potato":60,"minecraft:filled_map":2,"minecraft:flint":6,"minecraft:tuff":107,"minecraft:oak_log":101,"minecraft:golden_boots":2,"minecraft:gunpowder":32,"minecraft:lapis_lazuli":7,"minecraft:dirt":87,"minecraft:name_tag":2,"minecraft:coast_armor_trim_smithing_template":4,"minecraft:bone":84,"minecraft:apple":3,"minecraft:bow":5,"minecraft:wheat_seeds":245,"minecraft:raw_gold":57,"minecraft:stone_pickaxe":5,"minecraft:iron_ingot":5,"minecraft:soul_sand":20,"minecraft:stone_hoe":1,"minecraft:iron_sword":1,"minecraft:oak_planks":4,"minecraft:cooked_porkchop":53,"minecraft:music_disc_13":3,"minecraft:spyglass":2,"minecraft:gravel":51,"minecraft:amethyst_shard":4,"minecraft:spider_eye":6,"minecraft:slime_ball":14,"minecraft:diamond":14,"minecraft:stone_axe":4,"minecraft:iron_helmet":3,"minecraft:golden_apple":1,"minecraft:golden_horse_armor":3,"minecraft:bread":48,"minecraft:netherrack":27,"minecraft:oak_sapling":7,"minecraft:melon_seeds":7,"minecraft:coal":508,"minecraft:ender_pearl":2}},"DataVersion":3465}