{"stats":{"minecraft:picked_up":{"minecraft:crafting_table":5,"minecraft:chicken":1,"minecraft:flint":1,"minecraft:oak_log":9,"minecraft:dirt":17,"minecraft:bone":5,"minecraft:wheat_seeds":2,"minecraft:raw_gold":1,"minecraft:egg":1,"minecraft:furnace":2,"minecraft:raw_iron":35,"minecraft:torch":3,"minecraft:diorite":1,"minecraft:arrow":3,"minecraft:rotten_flesh":13,"minecraft:diamond":1,"minecraft:mutton":7,"minecraft:coal":45,"minecraft:white_wool":4,"minecraft:cobblestone":60},"minecraft:broken":{"minecraft:wooden_pickaxe":1},"minecraft:killed":{"minecraft:spider":1,"minecraft:sheep":4,"minecraft:skeleton":4,"minecraft:zombie":9,"minecraft:chicken":1},"minecraft:custom":{"minecraft:interact_with_furnace":12,"minecraft:mob_kills":19,"minecraft:interact_with_crafting_table":16,"minecraft:leave_game":2,"minecraft:time_since_death":29407,"minecraft:time_since_rest":29441,"minecraft:sprint_one_cm":51825,"minecraft:damage_taken":910,"minecraft:walk_one_cm":60785,"minecraft:damage_blocked_by_shield":405,"minecraft:drop":4,"minecraft:damage_dealt":3083,"minecraft:fly_one_cm":91199,"minecraft:crouch_one_cm":1483,"minecraft:play_time":30209,"minecraft:deaths":1,"minecraft:sneak_time":617,"minecraft:jump":607,"minecraft:walk_on_water_one_cm":692,"minecraft:total_world_time":30209,"minecraft:fall_one_cm":17783},"minecraft:crafted":{"minecraft:oak_planks":36,"minecraft:crafting_table":1,"minecraft:wooden_pickaxe":1,"minecraft:cooked_chicken":1,"minecraft:furnace":1,"minecraft:bucket":1,"minecraft:stone_axe":1,"minecraft:cooked_mutton":7,"minecraft:air":0,"minecraft:shield":1,"minecraft:stick":32,"minecraft:iron_ingot":18,"minecraft:iron_pickaxe":1,"minecraft:stone_pickaxe":1,"minecraft:torch":48},"minecraft:used":{"minecraft:cooked_mutton":7,"minecraft:diorite":1,"minecraft:stone_pickaxe":67,"minecraft:wooden_pickaxe":59,"minecraft:shield":7,"minecraft:cooked_chicken":1,"minecraft:rotten_flesh":6,"minecraft:white_wool":1,"minecraft:torch":27,"minecraft:dirt":15,"minecraft:crafting_table":6,"minecraft:iron_pickaxe":2,"minecraft:stone_axe":43,"minecraft:cobblestone":6,"minecraft:furnace":2,"minecraft:bucket":1,"minecraft:egg":1},"minecraft:mined":{"minecraft:deepslate_diamond_ore":1,"minecraft:crafting_table":5,"minecraft:torch":1,"minecraft:grass_block":8,"minecraft:deepslate_gold_ore":1,"minecraft:diorite":1,"minecraft:wall_torch":1,"minecraft:furnace":2,"minecraft:iron_ore":36,"minecraft:grass":5,"minecraft:oak_log":9,"minecraft:coal_ore":25,"minecraft:gravel":1,"minecraft:dirt":9,"minecraft:stone":60,"minecraft:oak_leaves":2},"minecraft:killed_by":{"minecraft:zombie":1},"minecraft:dropped":{"minecraft:wheat_seeds":2,"minecraft:dirt":2}},"DataVersion":3465}