{"stats":{"minecraft:used":{"minecraft:stone_sword":421,"minecraft:flint_and_steel":1,"minecraft:stone_shovel":60,"minecraft:oak_sign":6,"minecraft:chest":6,"minecraft:shield":49,"minecraft:cooked_chicken":1,"minecraft:stone_hoe":53,"minecraft:rotten_flesh":33,"minecraft:torch":198,"minecraft:dirt":85,"minecraft:spyglass":25,"minecraft:tuff":1,"minecraft:obsidian":13,"minecraft:bow":8,"minecraft:furnace":8,"minecraft:egg":2,"minecraft:potato":10,"minecraft:cooked_beef":4,"minecraft:cobbled_deepslate":100,"minecraft:enchanted_golden_apple":1,"minecraft:wheat_seeds":121,"minecraft:cooked_mutton":9,"minecraft:water_bucket":51,"minecraft:diorite":1,"minecraft:stone_pickaxe":869,"minecraft:wooden_pickaxe":59,"minecraft:white_wool":1,"minecraft:crafting_table":14,"minecraft:white_bed":1,"minecraft:oak_log":4,"minecraft:diamond_pickaxe":25,"minecraft:apple":1,"minecraft:suspicious_stew":2,"minecraft:iron_pickaxe":253,"minecraft:bread":21,"minecraft:map":3,"minecraft:gravel":13,"minecraft:stone_axe":303,"minecraft:cobblestone":100,"minecraft:cooked_porkchop":42,"minecraft:bucket":52,"minecraft:oak_boat":3,"minecraft:bone_meal":150},"minecraft:broken":{"minecraft:stone_sword":3,"minecraft:wooden_pickaxe":1,"minecraft:stone_pickaxe":6,"minecraft:shield":1,"minecraft:stone_axe":3,"minecraft:iron_pickaxe":1},"minecraft:dropped":{"minecraft:wheat_seeds":8,"minecraft:cobblestone":3,"minecraft:rail":1,"minecraft:music_disc_13":1,"minecraft:stick":1,"minecraft:dirt":2,"minecraft:gravel":3,"minecraft:stone_sword":1,"minecraft:bowl":2,"minecraft:white_carpet":1,"minecraft:oak_planks":3,"minecraft:filled_map":3,"minecraft:gunpowder":1,"minecraft:andesite":1,"minecraft:beetroot_seeds":7,"minecraft:oak_sapling":2},"minecraft:custom":{"minecraft:mob_kills":230,"minecraft:interact_with_crafting_table":49,"minecraft:leave_game":6,"minecraft:time_since_death":5955,"minecraft:sprint_one_cm":976485,"minecraft:walk_one_cm":685710,"minecraft:damage_blocked_by_shield":2925,"minecraft:drop":29,"minecraft:play_time":360147,"minecraft:deaths":3,"minecraft:sneak_time":8930,"minecraft:walk_under_water_one_cm":34762,"minecraft:boat_one_cm":192209,"minecraft:jump":8334,"minecraft:walk_on_water_one_cm":32651,"minecraft:total_world_time":360147,"minecraft:interact_with_furnace":116,"minecraft:interact_with_stonecutter":1,"minecraft:sleep_in_bed":3,"minecraft:time_since_rest":6001,"minecraft:damage_taken":4947,"minecraft:damage_dealt":34410,"minecraft:swim_one_cm":47210,"minecraft:fly_one_cm":1485763,"minecraft:open_chest":120,"minecraft:crouch_one_cm":11960,"minecraft:fall_one_cm":252428},"minecraft:killed_by":{"minecraft:creeper":1,"minecraft:zombie":1},"minecraft:picked_up":{"minecraft:iron_chestplate":1,"minecraft:crafting_table":14,"minecraft:wheat":86,"minecraft:chicken":2,"minecraft:smithing_table":1,"minecraft:enchanted_book":1,"minecraft:diamond_horse_armor":1,"minecraft:shield":1,"minecraft:music_disc_cat":1,"minecraft:string":52,"minecraft:red_bed":1,"minecraft:raw_copper":8,"minecraft:iron_leggings":1,"minecraft:white_carpet":1,"minecraft:oak_sign":1,"minecraft:cobbled_deepslate":441,"minecraft:bucket":3,"minecraft:beef":36,"minecraft:oak_boat":4,"minecraft:iron_pickaxe":1,"minecraft:iron_boots":1,"minecraft:chest":6,"minecraft:furnace":6,"minecraft:egg":2,"minecraft:stick":5,"minecraft:raw_iron":164,"minecraft:torch":60,"minecraft:porkchop":98,"minecraft:diorite":2,"minecraft:redstone":40,"minecraft:stone_shovel":1,"minecraft:stone_sword":2,"minecraft:arrow":81,"minecraft:rotten_flesh":83,"minecraft:beetroot_seeds":9,"minecraft:gold_ingot":1,"minecraft:obsidian":23,"minecraft:mutton":9,"minecraft:rail":1,"minecraft:white_wool":5,"minecraft:cobblestone":175,"minecraft:feather":1,"minecraft:cooked_beef":32,"minecraft:water_bucket":1,"minecraft:andesite":1,"minecraft:leather":20,"minecraft:potato":5,"minecraft:flint":6,"minecraft:tuff":106,"minecraft:oak_log":101,"minecraft:gunpowder":29,"minecraft:lapis_lazuli":7,"minecraft:dirt":87,"minecraft:name_tag":2,"minecraft:bone":72,"minecraft:apple":3,"minecraft:bow":4,"minecraft:wheat_seeds":245,"minecraft:raw_gold":46,"minecraft:stone_pickaxe":1,"minecraft:iron_ingot":3,"minecraft:stone_hoe":1,"minecraft:oak_planks":4,"minecraft:cooked_porkchop":16,"minecraft:music_disc_13":3,"minecraft:spyglass":1,"minecraft:gravel":51,"minecraft:amethyst_shard":4,"minecraft:spider_eye":6,"minecraft:slime_ball":14,"minecraft:diamond":14,"minecraft:stone_axe":2,"minecraft:iron_helmet":1,"minecraft:golden_apple":1,"minecraft:golden_horse_armor":1,"minecraft:bread":1,"minecraft:oak_sapling":7,"minecraft:coal":426,"minecraft:melon_seeds":7,"minecraft:ender_pearl":2},"minecraft:crafted":{"minecraft:oak_planks":356,"minecraft:stone_shovel":1,"minecraft:oak_sign":6,"minecraft:spyglass":2,"minecraft:cooked_chicken":2,"minecraft:furnace":2,"minecraft:bone_meal":150,"minecraft:cooked_mutton":9,"minecraft:flint_and_steel":1,"minecraft:bow":2,"minecraft:iron_boots":1,"minecraft:stone_pickaxe":7,"minecraft:chest":2,"minecraft:stone_hoe":1,"minecraft:cooked_beef":36,"minecraft:cooked_porkchop":57,"minecraft:crafting_table":2,"minecraft:wooden_pickaxe":1,"minecraft:iron_helmet":1,"minecraft:copper_ingot":8,"minecraft:bucket":1,"minecraft:stone_axe":5,"minecraft:bread":20,"minecraft:air":0,"minecraft:oak_boat":1,"minecraft:iron_chestplate":1,"minecraft:diamond_pickaxe":1,"minecraft:charcoal":8,"minecraft:shield":2,"minecraft:stick":88,"minecraft:iron_ingot":145,"minecraft:iron_pickaxe":2,"minecraft:stone_sword":4,"minecraft:iron_leggings":1,"minecraft:gold_ingot":46,"minecraft:white_bed":1,"minecraft:torch":192},"minecraft:killed":{"minecraft:spider":14,"minecraft:slime":18,"minecraft:skeleton":33,"minecraft:chicken":2,"minecraft:drowned":8,"minecraft:pig":47,"minecraft:zombie_villager":1,"minecraft:creeper":10,"minecraft:sheep":5,"minecraft:pillager":1,"minecraft:zombie":65,"minecraft:cow":18,"minecraft:enderman":3},"minecraft:mined":{"minecraft:large_amethyst_bud":1,"minecraft:tuff":54,"minecraft:deepslate_diamond_ore":14,"minecraft:obsidian":24,"minecraft:grass_block":59,"minecraft:spawner":3,"minecraft:tall_seagrass":1,"minecraft:furnace":6,"minecraft:iron_ore":99,"minecraft:cobbled_deepslate":3,"minecraft:andesite":1,"minecraft:oak_sign":1,"minecraft:potatoes":3,"minecraft:deepslate_iron_ore":69,"minecraft:stone":155,"minecraft:smithing_table":1,"minecraft:deepslate_redstone_ore":8,"minecraft:light_gray_carpet":1,"minecraft:red_bed":1,"minecraft:amethyst_cluster":1,"minecraft:powder_snow":10,"minecraft:crafting_table":13,"minecraft:torch":11,"minecraft:chest":6,"minecraft:cobblestone":25,"minecraft:tall_grass":9,"minecraft:lapis_ore":1,"minecraft:deepslate_gold_ore":46,"minecraft:diorite":2,"minecraft:wall_torch":8,"minecraft:deepslate_copper_ore":2,"minecraft:wheat":98,"minecraft:white_carpet":2,"minecraft:grass":42,"minecraft:oak_log":102,"minecraft:coal_ore":357,"minecraft:gravel":52,"minecraft:dirt":28,"minecraft:cobweb":21,"minecraft:oak_leaves":15,"minecraft:deepslate":310}},"DataVersion":3465}