{"stats":{"minecraft:picked_up":{"minecraft:crafting_table":9,"minecraft:chicken":1,"minecraft:leather":2,"minecraft:flint":1,"minecraft:oak_log":50,"minecraft:gunpowder":3,"minecraft:dirt":39,"minecraft:bone":6,"minecraft:apple":2,"minecraft:wheat_seeds":2,"minecraft:raw_gold":1,"minecraft:beef":4,"minecraft:egg":1,"minecraft:furnace":4,"minecraft:stick":3,"minecraft:raw_iron":45,"minecraft:torch":5,"minecraft:porkchop":17,"minecraft:diorite":1,"minecraft:arrow":3,"minecraft:rotten_flesh":24,"minecraft:diamond":1,"minecraft:oak_sapling":4,"minecraft:mutton":9,"minecraft:coal":85,"minecraft:white_wool":5,"minecraft:cobblestone":111},"minecraft:killed":{"minecraft:pig":8,"minecraft:spider":1,"minecraft:creeper":2,"minecraft:sheep":5,"minecraft:skeleton":4,"minecraft:zombie":20,"minecraft:chicken":1,"minecraft:cow":2},"minecraft:broken":{"minecraft:stone_pickaxe":1,"minecraft:stone_axe":1,"minecraft:wooden_pickaxe":1},"minecraft:custom":{"minecraft:interact_with_furnace":34,"minecraft:mob_kills":44,"minecraft:interact_with_crafting_table":20,"minecraft:leave_game":2,"minecraft:time_since_death":47407,"minecraft:time_since_rest":47441,"minecraft:sprint_one_cm":109954,"minecraft:damage_taken":1090,"minecraft:walk_one_cm":89039,"minecraft:damage_blocked_by_shield":495,"minecraft:drop":5,"minecraft:damage_dealt":6889,"minecraft:swim_one_cm":925,"minecraft:fly_one_cm":149159,"minecraft:crouch_one_cm":2197,"minecraft:play_time":48209,"minecraft:deaths":1,"minecraft:sneak_time":790,"minecraft:walk_under_water_one_cm":1247,"minecraft:jump":1005,"minecraft:walk_on_water_one_cm":2457,"minecraft:total_world_time":48209,"minecraft:fall_one_cm":24277},"minecraft:crafted":{"minecraft:cooked_beef":4,"minecraft:oak_planks":108,"minecraft:cooked_porkchop":7,"minecraft:crafting_table":1,"minecraft:wooden_pickaxe":1,"minecraft:cooked_chicken":1,"minecraft:furnace":2,"minecraft:bucket":1,"minecraft:stone_axe":3,"minecraft:cooked_mutton":7,"minecraft:air":0,"minecraft:shield":1,"minecraft:stick":32,"minecraft:iron_ingot":45,"minecraft:iron_pickaxe":1,"minecraft:stone_pickaxe":2,"minecraft:torch":48},"minecraft:used":{"minecraft:cooked_mutton":7,"minecraft:water_bucket":4,"minecraft:diorite":1,"minecraft:stone_pickaxe":135,"minecraft:wooden_pickaxe":59,"minecraft:shield":9,"minecraft:cooked_chicken":1,"minecraft:rotten_flesh":12,"minecraft:white_wool":1,"minecraft:torch":32,"minecraft:dirt":27,"minecraft:crafting_table":9,"minecraft:iron_pickaxe":34,"minecraft:stone_axe":136,"minecraft:cobblestone":6,"minecraft:furnace":4,"minecraft:cooked_porkchop":3,"minecraft:bucket":5,"minecraft:egg":1},"minecraft:mined":{"minecraft:deepslate_diamond_ore":1,"minecraft:crafting_table":9,"minecraft:torch":1,"minecraft:grass_block":11,"minecraft:deepslate_gold_ore":1,"minecraft:diorite":1,"minecraft:wall_torch":3,"minecraft:furnace":4,"minecraft:iron_ore":41,"minecraft:grass":7,"minecraft:oak_log":50,"minecraft:coal_ore":44,"minecraft:deepslate_iron_ore":5,"minecraft:gravel":1,"minecraft:dirt":28,"minecraft:stone":112,"minecraft:oak_leaves":4},"minecraft:killed_by":{"minecraft:zombie":1},"minecraft:dropped":{"minecraft:wheat_seeds":2,"minecraft:dirt":2,"minecraft:oak_sapling":1}},"DataVersion":3465}