{"stats":{"minecraft:custom":{"minecraft:interact_with_furnace":78,"minecraft:mob_kills":96,"minecraft:interact_with_crafting_table":34,"minecraft:leave_game":3,"minecraft:time_since_death":52257,"minecraft:sleep_in_bed":1,"minecraft:time_since_rest":52288,"minecraft:sprint_one_cm":458319,"minecraft:damage_taken":3032,"minecraft:walk_one_cm":419495,"minecraft:damage_blocked_by_shield":2100,"minecraft:drop":11,"minecraft:damage_dealt":17006,"minecraft:swim_one_cm":1197,"minecraft:fly_one_cm":508063,"minecraft:open_chest":29,"minecraft:crouch_one_cm":3564,"minecraft:play_time":194186,"minecraft:sneak_time":1557,"minecraft:deaths":2,"minecraft:walk_under_water_one_cm":5710,"minecraft:jump":3601,"minecraft:walk_on_water_one_cm":9577,"minecraft:total_world_time":194186,"minecraft:fall_one_cm":104272},"minecraft:used":{"minecraft:wheat_seeds":98,"minecraft:cooked_mutton":9,"minecraft:water_bucket":11,"minecraft:diorite":1,"minecraft:stone_sword":109,"minecraft:stone_shovel":36,"minecraft:stone_pickaxe":394,"minecraft:wooden_pickaxe":59,"minecraft:chest":2,"minecraft:shield":35,"minecraft:stone_hoe":29,"minecraft:cooked_chicken":1,"minecraft:rotten_flesh":33,"minecraft:white_wool":1,"minecraft:torch":112,"minecraft:dirt":61,"minecraft:crafting_table":11,"minecraft:white_bed":1,"minecraft:tuff":1,"minecraft:oak_log":4,"minecraft:apple":1,"minecraft:bread":6,"minecraft:iron_pickaxe":140,"minecraft:gravel":13,"minecraft:stone_axe":255,"minecraft:bow":3,"minecraft:cobblestone":96,"minecraft:furnace":8,"minecraft:cooked_porkchop":17,"minecraft:bucket":12,"minecraft:bone_meal":150,"minecraft:egg":1,"minecraft:cooked_beef":4,"minecraft:cobbled_deepslate":26},"minecraft:killed":{"minecraft:pig":11,"minecraft:zombie_villager":1,"minecraft:spider":7,"minecraft:creeper":7,"minecraft:skeleton":23,"minecraft:sheep":5,"minecraft:zombie":37,"minecraft:chicken":1,"minecraft:enderman":1,"minecraft:cow":2},"minecraft:killed_by":{"minecraft:zombie":1},"minecraft:dropped":{"minecraft:gravel":3,"minecraft:wheat_seeds":2,"minecraft:rail":1,"minecraft:music_disc_13":1,"minecraft:stick":1,"minecraft:dirt":2,"minecraft:beetroot_seeds":7,"minecraft:oak_sapling":2},"minecraft:crafted":{"minecraft:cooked_beef":4,"minecraft:oak_planks":128,"minecraft:stone_shovel":1,"minecraft:cooked_porkchop":17,"minecraft:crafting_table":2,"minecraft:wooden_pickaxe":1,"minecraft:iron_helmet":1,"minecraft:cooked_chicken":1,"minecraft:furnace":2,"minecraft:bone_meal":150,"minecraft:bucket":1,"minecraft:stone_axe":3,"minecraft:bread":20,"minecraft:cooked_mutton":9,"minecraft:air":0,"minecraft:bow":1,"minecraft:charcoal":8,"minecraft:iron_boots":1,"minecraft:iron_chestplate":1,"minecraft:shield":1,"minecraft:stick":44,"minecraft:iron_ingot":95,"minecraft:iron_pickaxe":1,"minecraft:stone_pickaxe":3,"minecraft:stone_sword":1,"minecraft:chest":2,"minecraft:iron_leggings":1,"minecraft:gold_ingot":25,"minecraft:white_bed":1,"minecraft:torch":96,"minecraft:stone_hoe":1},"minecraft:picked_up":{"minecraft:crafting_table":10,"minecraft:wheat":65,"minecraft:chicken":1,"minecraft:leather":2,"minecraft:flint":6,"minecraft:tuff":1,"minecraft:oak_log":99,"minecraft:gunpowder":20,"minecraft:string":41,"minecraft:dirt":63,"minecraft:music_disc_cat":1,"minecraft:raw_copper":8,"minecraft:name_tag":1,"minecraft:bone":46,"minecraft:apple":3,"minecraft:bow":2,"minecraft:wheat_seeds":176,"minecraft:cobbled_deepslate":203,"minecraft:raw_gold":44,"minecraft:bucket":1,"minecraft:iron_ingot":3,"minecraft:beef":4,"minecraft:chest":4,"minecraft:oak_planks":4,"minecraft:furnace":6,"minecraft:egg":1,"minecraft:stick":5,"minecraft:raw_iron":113,"minecraft:music_disc_13":2,"minecraft:torch":17,"minecraft:gravel":51,"minecraft:porkchop":22,"minecraft:amethyst_shard":4,"minecraft:diorite":1,"minecraft:redstone":40,"minecraft:spider_eye":2,"minecraft:arrow":30,"minecraft:rotten_flesh":43,"minecraft:diamond":14,"minecraft:beetroot_seeds":7,"minecraft:gold_ingot":1,"minecraft:golden_horse_armor":1,"minecraft:melon_seeds":5,"minecraft:oak_sapling":7,"minecraft:mutton":9,"minecraft:coal":97,"minecraft:rail":1,"minecraft:white_wool":5,"minecraft:cobblestone":128,"minecraft:ender_pearl":1},"minecraft:broken":{"minecraft:stone_pickaxe":3,"minecraft:stone_sword":1,"minecraft:stone_axe":3,"minecraft:wooden_pickaxe":1},"minecraft:mined":{"minecraft:large_amethyst_bud":1,"minecraft:deepslate_redstone_ore":8,"minecraft:tuff":1,"minecraft:deepslate_diamond_ore":14,"minecraft:amethyst_cluster":1,"minecraft:crafting_table":10,"minecraft:torch":9,"minecraft:grass_block":35,"minecraft:chest":4,"minecraft:cobblestone":16,"minecraft:deepslate_gold_ore":44,"minecraft:deepslate_copper_ore":2,"minecraft:diorite":1,"minecraft:wall_torch":5,"minecraft:spawner":3,"minecraft:furnace":6,"minecraft:cobbled_deepslate":1,"minecraft:iron_ore":48,"minecraft:wheat":74,"minecraft:grass":28,"minecraft:oak_log":100,"minecraft:coal_ore":44,"minecraft:deepslate_iron_ore":68,"minecraft:gravel":51,"minecraft:dirt":28,"minecraft:cobweb":21,"minecraft:stone":113,"minecraft:oak_leaves":14,"minecraft:deepslate":198}},"DataVersion":3465}